SiteID,ProjectCode,TesterID,Lot Name,Login Mode,Date,Time,Input,Pass,Fail,Error#,Socket Usage,Socket Usage#
NSTD,KK13,L02-ER-68-2,MTAXMC18500512,OPERATOR,25/02/2020,00:00:00,0,0,0,0,00,0
NSTD,KK13,L02-ER-68-2,MTAXMC18500512,OPERATOR,25/02/2020,00:01:00,0,0,0,0,00,0
NSTD,KK13,L02-ER-68-2,MTAXMC18500512,OPERATOR,25/02/2020,00:02:00,0,0,0,0,00,0
NSTD,KK13,L02-ER-68-2,MTAXMC18500512,OPERATOR,25/02/2020,00:03:00,0,0,0,0,00,0
NSTD,KK13,L02-ER-68-2,MTAXMC18500512,OPERATOR,25/02/2020,00:04:00,0,0,0,0,00,0
NSTD,KK13,L02-ER-68-2,MTAXMC18500512,OPERATOR,25/02/2020,00:05:00,0,0,0,0,00,0
NSTD,KK13,L02-ER-68-2,MTAXMC18500512,OPERATOR,25/02/2020,00:06:00,0,0,0,0,00,0
NSTD,KK13,L02-ER-68-2,MTAXMC18500512,OPERATOR,25/02/2020,00:07:00,0,0,0,0,00,0
NSTD,KK13,L02-ER-68-2,MTAXMC18500512,OPERATOR,25/02/2020,00:08:00,0,0,0,0,00,0
NSTD,KK13,L02-ER-68-2,MTAXMC18500512,OPERATOR,25/02/2020,00:09:00,0,0,0,0,00,0
NSTD,KK13,L02-ER-68-2,MTAXMC18500512,OPERATOR,25/02/2020,00:10:00,0,0,0,0,00,0
NSTD,KK13,L02-ER-68-2,MTAXMC18500512,OPERATOR,25/02/2020,00:11:00,0,0,0,0,00,0
NSTD,KK13,L02-ER-68-2,MTAXMC18500512,OPERATOR,25/02/2020,00:12:00,0,0,0,0,00,0
NSTD,KK13,L02-ER-68-2,MTAXMC18500512,OPERATOR,25/02/2020,00:13:00,0,0,0,0,00,0
NSTD,KK13,L02-ER-68-2,MTAXMC18500512,OPERATOR,25/02/2020,00:14:00,0,0,0,0,00,0
NSTD,KK13,L02-ER-68-2,MTAXMC18500512,OPERATOR,25/02/2020,00:15:00,0,0,0,0,00,0
NSTD,KK13,L02-ER-68-2,MTAXMC18500512,OPERATOR,25/02/2020,00:16:00,0,0,0,0,00,0
NSTD,KK13,L02-ER-68-2,MTAXMC18500512,OPERATOR,25/02/2020,00:17:00,0,0,0,0,00,0
NSTD,KK13,L02-ER-68-2,MTAXMC18500512,OPERATOR,25/02/2020,00:18:00,0,0,0,0,00,0
NSTD,KK13,L02-ER-68-2,MTAXMC18500512,OPERATOR,25/02/2020,00:19:00,0,0,0,0,00,0
NSTD,KK13,L02-ER-68-2,MTAXMC18500512,OPERATOR,25/02/2020,00:20:00,0,0,0,0,00,0
NSTD,KK13,L02-ER-68-2,MTAXMC18500512,OPERATOR,25/02/2020,00:21:00,0,0,0,0,00,0
NSTD,KK13,L02-ER-68-2,MTAXMC18500512,OPERATOR,25/02/2020,00:22:00,0,0,0,0,00,0
NSTD,KK13,L02-ER-68-2,MTAXMC18500512,OPERATOR,25/02/2020,00:23:00,0,0,0,0,00,0
NSTD,KK13,L02-ER-68-2,MTAXMC18500512,OPERATOR,25/02/2020,00:24:00,0,0,0,0,00,0
NSTD,KK13,L02-ER-68-2,MTAXMC18500512,OPERATOR,25/02/2020,00:25:00,0,0,0,0,00,0
NSTD,KK13,L02-ER-68-2,MTAXMC18500512,OPERATOR,25/02/2020,00:26:00,0,0,0,0,00,0
NSTD,KK13,L02-ER-68-2,MTAXMC18500512,OPERATOR,25/02/2020,00:27:00,0,0,0,0,00,0
NSTD,KK13,L02-ER-68-2,MTAXMC18500512,OPERATOR,25/02/2020,00:28:00,0,0,0,0,00,0
NSTD,KK13,L02-ER-68-2,MTAXMC18500512,OPERATOR,25/02/2020,00:29:00,0,0,0,0,00,0
NSTD,KK13,L02-ER-68-2,MTAXMC18500512,OPERATOR,25/02/2020,00:30:00,0,0,0,0,00,0
NSTD,KK13,L02-ER-68-2,MTAXMC18500512,OPERATOR,25/02/2020,00:31:00,0,0,0,0,00,0
NSTD,KK13,L02-ER-68-2,MTAXMC18500512,OPERATOR,25/02/2020,00:32:00,0,0,0,0,00,0
NSTD,KK13,L02-ER-68-2,MTAXMC18500512,OPERATOR,25/02/2020,00:33:00,0,0,0,0,00,0
NSTD,KK13,L02-ER-68-2,MTAXMC18500512,OPERATOR,25/02/2020,00:34:00,0,0,0,0,00,0
NSTD,KK13,L02-ER-68-2,MTAXMC18500512,OPERATOR,25/02/2020,00:35:00,0,0,0,0,00,0
NSTD,KK13,L02-ER-68-2,MTAXMC18500512,OPERATOR,25/02/2020,00:36:00,0,0,0,0,00,0
NSTD,KK13,L02-ER-68-2,MTAXMC18500512,OPERATOR,25/02/2020,00:37:00,0,0,0,0,00,0
NSTD,KK13,L02-ER-68-2,MTAXMC18500512,OPERATOR,25/02/2020,00:38:00,0,0,0,0,00,0
NSTD,KK13,L02-ER-68-2,MTAXMC18500512,OPERATOR,25/02/2020,00:39:00,0,0,0,0,00,0
NSTD,KK13,L02-ER-68-2,MTAXMC18500512,OPERATOR,25/02/2020,00:40:00,0,0,0,0,00,0
NSTD,KK13,L02-ER-68-2,MTAXMC18500512,OPERATOR,25/02/2020,00:41:00,0,0,0,0,00,0
NSTD,KK13,L02-ER-68-2,MTAXMC18500512,OPERATOR,25/02/2020,00:42:00,0,0,0,0,00,0
NSTD,KK13,L02-ER-68-2,MTAXMC18500512,OPERATOR,25/02/2020,00:43:00,0,0,0,0,00,0
NSTD,KK13,L02-ER-68-2,MTAXMC18500512,OPERATOR,25/02/2020,00:44:00,0,0,0,0,00,0
NSTD,KK13,L02-ER-68-2,MTAXMC18500512,OPERATOR,25/02/2020,00:45:00,0,0,0,0,00,0
NSTD,KK13,L02-ER-68-2,MTAXMC18500512,OPERATOR,25/02/2020,00:46:00,0,0,0,0,00,0
NSTD,KK13,L02-ER-68-2,MTAXMC18500512,OPERATOR,25/02/2020,00:47:00,0,0,0,0,00,0
NSTD,KK13,L02-ER-68-2,MTAXMC18500512,OPERATOR,25/02/2020,00:48:00,0,0,0,0,00,0
NSTD,KK13,L02-ER-68-2,MTAXMC18500512,OPERATOR,25/02/2020,00:49:00,0,0,0,0,00,0
NSTD,KK13,L02-ER-68-2,MTAXMC18500512,OPERATOR,25/02/2020,00:50:00,0,0,0,0,00,0
NSTD,KK13,L02-ER-68-2,MTAXMC18500512,OPERATOR,25/02/2020,00:51:00,0,0,0,0,00,0
NSTD,KK13,L02-ER-68-2,MTAXMC18500512,OPERATOR,25/02/2020,00:52:00,0,0,0,0,00,0
NSTD,KK13,L02-ER-68-2,MTAXMC18500512,OPERATOR,25/02/2020,00:53:00,0,0,0,0,00,0
NSTD,KK13,L02-ER-68-2,MTAXMC18500512,OPERATOR,25/02/2020,00:54:00,0,0,0,0,00,0
NSTD,KK13,L02-ER-68-2,MTAXMC18500512,OPERATOR,25/02/2020,00:55:00,0,0,0,0,00,0
NSTD,KK13,L02-ER-68-2,MTAXMC18500512,OPERATOR,25/02/2020,00:56:00,0,0,0,0,00,0
NSTD,KK13,L02-ER-68-2,MTAXMC18500512,OPERATOR,25/02/2020,00:57:00,0,0,0,0,00,0
NSTD,KK13,L02-ER-68-2,MTAXMC18500512,OPERATOR,25/02/2020,00:58:00,0,0,0,0,00,0
NSTD,KK13,L02-ER-68-2,MTAXMC18500512,OPERATOR,25/02/2020,00:59:00,0,0,0,0,00,0
NSTD,KK13,L02-ER-68-2,MTAXMC18500512,OPERATOR,25/02/2020,01:00:00,0,0,0,0,00,0
NSTD,KK13,L02-ER-68-2,MTAXMC18500512,OPERATOR,25/02/2020,01:01:00,0,0,0,0,00,0
NSTD,KK13,L02-ER-68-2,MTAXMC18500512,OPERATOR,25/02/2020,01:02:00,0,0,0,0,00,0
NSTD,KK13,L02-ER-68-2,MTAXMC18500512,OPERATOR,25/02/2020,01:03:00,0,0,0,0,00,0
NSTD,KK13,L02-ER-68-2,MTAXMC18500512,OPERATOR,25/02/2020,01:04:00,0,0,0,0,00,0
NSTD,KK13,L02-ER-68-2,MTAXMC18500512,OPERATOR,25/02/2020,01:05:00,0,0,0,0,00,0
NSTD,KK13,L02-ER-68-2,MTAXMC18500512,OPERATOR,25/02/2020,01:06:00,0,0,0,0,00,0
NSTD,KK13,L02-ER-68-2,MTAXMC18500512,OPERATOR,25/02/2020,01:07:00,0,0,0,0,00,0
NSTD,KK13,L02-ER-68-2,MTAXMC18500512,OPERATOR,25/02/2020,01:08:00,0,0,0,0,00,0
NSTD,KK13,L02-ER-68-2,MTAXMC18500512,OPERATOR,25/02/2020,01:09:00,0,0,0,0,00,0
NSTD,KK13,L02-ER-68-2,MTAXMC18500512,OPERATOR,25/02/2020,01:10:00,0,0,0,0,00,0
NSTD,KK13,L02-ER-68-2,MTAXMC18500512,OPERATOR,25/02/2020,01:11:00,0,0,0,0,00,0
NSTD,KK13,L02-ER-68-2,MTAXMC18500512,OPERATOR,25/02/2020,01:12:00,0,0,0,0,00,0
NSTD,KK13,L02-ER-68-2,MTAXMC18500512,OPERATOR,25/02/2020,01:13:00,0,0,0,0,00,0
NSTD,KK13,L02-ER-68-2,MTAXMC18500512,OPERATOR,25/02/2020,01:14:00,0,0,0,0,00,0
NSTD,KK13,L02-ER-68-2,MTAXMC18500512,OPERATOR,25/02/2020,01:15:00,0,0,0,0,00,0
NSTD,KK13,L02-ER-68-2,MTAXMC18500512,OPERATOR,25/02/2020,01:16:00,0,0,0,0,00,0
NSTD,KK13,L02-ER-68-2,MTAXMC18500512,OPERATOR,25/02/2020,01:17:00,0,0,0,0,00,0
NSTD,KK13,L02-ER-68-2,MTAXMC18500512,OPERATOR,25/02/2020,01:18:00,0,0,0,0,00,0
NSTD,KK13,L02-ER-68-2,MTAXMC18500512,OPERATOR,25/02/2020,01:19:00,0,0,0,0,00,0
NSTD,KK13,L02-ER-68-2,MTAXMC18500512,OPERATOR,25/02/2020,01:20:00,0,0,0,0,00,0
NSTD,KK13,L02-ER-68-2,MTAXMC18500512,OPERATOR,25/02/2020,01:21:00,0,0,0,0,00,0
NSTD,KK13,L02-ER-68-2,MTAXMC18500512,OPERATOR,25/02/2020,01:22:00,0,0,0,0,00,0
NSTD,KK13,L02-ER-68-2,MTAXMC18500512,OPERATOR,25/02/2020,01:23:00,0,0,0,0,00,0
NSTD,KK13,L02-ER-68-2,MTAXMC18500512,OPERATOR,25/02/2020,01:24:00,0,0,0,0,00,0
NSTD,KK13,L02-ER-68-2,MTAXMC18500512,OPERATOR,25/02/2020,01:25:00,0,0,0,0,00,0
NSTD,KK13,L02-ER-68-2,MTAXMC18500512,OPERATOR,25/02/2020,01:26:00,0,0,0,0,00,0
NSTD,KK13,L02-ER-68-2,MTAXMC18500512,OPERATOR,25/02/2020,01:27:00,0,0,0,0,00,0
NSTD,KK13,L02-ER-68-2,MTAXMC18500512,OPERATOR,25/02/2020,01:28:00,0,0,0,0,00,0
NSTD,KK13,L02-ER-68-2,MTAXMC18500512,OPERATOR,25/02/2020,01:29:00,0,0,0,0,00,0
NSTD,KK13,L02-ER-68-2,MTAXMC18500512,OPERATOR,25/02/2020,01:30:00,0,0,0,0,00,0
NSTD,KK13,L02-ER-68-2,MTAXMC18500512,OPERATOR,25/02/2020,01:31:00,0,0,0,0,00,0
NSTD,KK13,L02-ER-68-2,MTAXMC18500512,OPERATOR,25/02/2020,01:32:00,0,0,0,0,00,0
NSTD,KK13,L02-ER-68-2,MTAXMC18500512,OPERATOR,25/02/2020,01:33:00,0,0,0,0,00,0
NSTD,KK13,L02-ER-68-2,MTAXMC18500512,OPERATOR,25/02/2020,01:34:00,0,0,0,0,00,0
NSTD,KK13,L02-ER-68-2,MTAXMC18500512,OPERATOR,25/02/2020,01:35:00,0,0,0,0,00,0
NSTD,KK13,L02-ER-68-2,MTAXMC18500512,OPERATOR,25/02/2020,01:36:00,0,0,0,0,00,0
NSTD,KK13,L02-ER-68-2,MTAXMC18500512,OPERATOR,25/02/2020,01:37:00,0,0,0,0,00,0
NSTD,KK13,L02-ER-68-2,MTAXMC18500512,OPERATOR,25/02/2020,01:38:00,0,0,0,0,00,0
NSTD,KK13,L02-ER-68-2,MTAXMC18500512,OPERATOR,25/02/2020,01:39:00,0,0,0,0,00,0
NSTD,KK13,L02-ER-68-2,MTAXMC18500512,OPERATOR,25/02/2020,01:40:00,0,0,0,0,00,0
NSTD,KK13,L02-ER-68-2,MTAXMC18500512,OPERATOR,25/02/2020,01:41:00,0,0,0,0,00,0
NSTD,KK13,L02-ER-68-2,MTAXMC18500512,OPERATOR,25/02/2020,01:42:00,0,0,0,0,00,0
NSTD,KK13,L02-ER-68-2,MTAXMC18500512,OPERATOR,25/02/2020,01:43:00,0,0,0,0,00,0
NSTD,KK13,L02-ER-68-2,MTAXMC18500512,OPERATOR,25/02/2020,01:44:00,0,0,0,0,00,0
NSTD,KK13,L02-ER-68-2,MTAXMC18500512,OPERATOR,25/02/2020,01:45:00,0,0,0,0,00,0
NSTD,KK13,L02-ER-68-2,MTAXMC18500512,OPERATOR,25/02/2020,01:46:00,0,0,0,0,00,0
NSTD,KK13,L02-ER-68-2,MTAXMC18500512,OPERATOR,25/02/2020,01:47:00,0,0,0,0,00,0
NSTD,KK13,L02-ER-68-2,MTAXMC18500512,OPERATOR,25/02/2020,01:48:00,0,0,0,0,00,0
NSTD,KK13,L02-ER-68-2,MTAXMC18500512,OPERATOR,25/02/2020,01:49:00,0,0,0,0,00,0
NSTD,KK13,L02-ER-68-2,MTAXMC18500512,OPERATOR,25/02/2020,01:50:00,0,0,0,0,00,0
NSTD,KK13,L02-ER-68-2,MTAXMC18500512,OPERATOR,25/02/2020,01:51:00,0,0,0,0,00,0
NSTD,KK13,L02-ER-68-2,MTAXMC18500512,OPERATOR,25/02/2020,01:52:00,0,0,0,0,00,0
NSTD,KK13,L02-ER-68-2,MTAXMC18500512,OPERATOR,25/02/2020,01:53:00,0,0,0,0,00,0
NSTD,KK13,L02-ER-68-2,MTAXMC18500512,OPERATOR,25/02/2020,01:54:00,0,0,0,0,00,0
NSTD,KK13,L02-ER-68-2,MTAXMC18500512,OPERATOR,25/02/2020,01:55:00,0,0,0,0,00,0
NSTD,KK13,L02-ER-68-2,MTAXMC18500512,OPERATOR,25/02/2020,01:56:00,0,0,0,0,00,0
NSTD,KK13,L02-ER-68-2,MTAXMC18500512,OPERATOR,25/02/2020,01:57:00,0,0,0,0,00,0
NSTD,KK13,L02-ER-68-2,MTAXMC18500512,OPERATOR,25/02/2020,01:58:00,0,0,0,0,00,0
NSTD,KK13,L02-ER-68-2,MTAXMC18500512,OPERATOR,25/02/2020,01:59:00,0,0,0,0,00,0
NSTD,KK13,L02-ER-68-2,MTAXMC18500512,OPERATOR,25/02/2020,02:00:00,0,0,0,0,00,0
NSTD,KK13,L02-ER-68-2,MTAXMC18500512,OPERATOR,25/02/2020,02:01:00,0,0,0,0,00,0
NSTD,KK13,L02-ER-68-2,MTAXMC18500512,OPERATOR,25/02/2020,02:02:00,0,0,0,0,00,0
NSTD,KK13,L02-ER-68-2,MTAXMC18500512,OPERATOR,25/02/2020,02:03:00,0,0,0,0,00,0
NSTD,KK13,L02-ER-68-2,MTAXMC18500512,OPERATOR,25/02/2020,02:04:00,0,0,0,0,00,0
NSTD,KK13,L02-ER-68-2,MTAXMC18500512,OPERATOR,25/02/2020,02:05:00,0,0,0,0,00,0
NSTD,KK13,L02-ER-68-2,MTAXMC18500512,OPERATOR,25/02/2020,02:06:00,0,0,0,0,00,0
NSTD,KK13,L02-ER-68-2,MTAXMC18500512,OPERATOR,25/02/2020,02:07:00,0,0,0,0,00,0
NSTD,KK13,L02-ER-68-2,MTAXMC18500512,OPERATOR,25/02/2020,02:08:00,0,0,0,0,00,0
NSTD,KK13,L02-ER-68-2,MTAXMC18500512,OPERATOR,25/02/2020,02:09:00,0,0,0,0,00,0
NSTD,KK13,L02-ER-68-2,MTAXMC18500512,OPERATOR,25/02/2020,02:10:00,0,0,0,0,00,0
NSTD,KK13,L02-ER-68-2,MTAXMC18500512,OPERATOR,25/02/2020,02:11:00,0,0,0,0,00,0
NSTD,KK13,L02-ER-68-2,MTAXMC18500512,OPERATOR,25/02/2020,02:12:00,0,0,0,0,00,0
NSTD,KK13,L02-ER-68-2,MTAXMC18500512,OPERATOR,25/02/2020,02:13:00,0,0,0,0,00,0
NSTD,KK13,L02-ER-68-2,MTAXMC18500512,OPERATOR,25/02/2020,14:14:00,0,0,0,2,00,0
NSTD,KK13,L02-ER-68-2,MTAXMC18500512,OPERATOR,25/02/2020,14:15:00,0,0,0,0,00,0
NSTD,KK13,L02-ER-68-2,MTAXMC18500512,OPERATOR,25/02/2020,14:16:00,0,0,0,0,00,0
NSTD,KK13,L02-ER-68-2,MTAXMC18500512,OPERATOR,25/02/2020,14:17:00,10,10,0,0,00,0
NSTD,KK13,L02-ER-68-2,MTAXMC18500512,OPERATOR,25/02/2020,14:18:00,0,0,0,0,00,0
NSTD,KK13,L02-ER-68-2,MTAXMC18500512,OPERATOR,25/02/2020,14:19:00,0,0,0,0,00,0
NSTD,KK13,L02-ER-68-2,MTAXMC18500512,OPERATOR,25/02/2020,14:20:00,0,0,0,0,00,0
NSTD,KK13,L02-ER-68-2,MTAXMC18500512,OPERATOR,25/02/2020,14:21:00,0,0,0,0,00,0
NSTD,KK13,L02-ER-68-2,MTAXMC18500512,OPERATOR,25/02/2020,14:22:00,0,0,0,0,00,0
NSTD,KK13,L02-ER-68-2,MTAXMC18500512,OPERATOR,25/02/2020,14:23:00,0,0,0,0,00,0
NSTD,KK13,L02-ER-68-2,MTAXMC18500512,OPERATOR,25/02/2020,14:24:00,0,0,0,0,00,0
NSTD,KK13,L02-ER-68-2,MTAXMC18500512,OPERATOR,25/02/2020,14:25:00,0,0,0,0,00,0
NSTD,KK13,L02-ER-68-2,MTAXMC18500512,OPERATOR,25/02/2020,14:26:00,0,0,0,0,00,0
NSTD,KK13,L02-ER-68-2,MTAXMC18500512,OPERATOR,25/02/2020,14:27:00,0,0,0,0,00,0
NSTD,KK13,L02-ER-68-2,MTAXMC18500512,OPERATOR,25/02/2020,14:28:00,0,0,0,0,00,0
NSTD,KK13,L02-ER-68-2,MTAXMC18500512,OPERATOR,25/02/2020,14:29:00,0,0,0,0,00,0
NSTD,KK13,L02-ER-68-2,MTAXMC18500512,OPERATOR,25/02/2020,14:30:00,0,0,0,0,00,0
NSTD,KK13,L02-ER-68-2,MTAXMC18500512,OPERATOR,25/02/2020,14:31:00,0,0,0,0,00,0
NSTD,KK13,L02-ER-68-2,MTAXMC18500512,OPERATOR,25/02/2020,14:32:00,0,0,0,0,00,0
NSTD,KK13,L02-ER-68-2,MTAXMC18500512,OPERATOR,25/02/2020,14:33:00,0,0,0,0,00,0
NSTD,KK13,L02-ER-68-2,MTAXMC18500512,OPERATOR,25/02/2020,14:34:00,0,0,0,0,00,0
NSTD,KK13,L02-ER-68-2,MTAXMC18500512,OPERATOR,25/02/2020,14:35:00,0,0,0,0,00,0
NSTD,KK13,L02-ER-68-2,MTAXMC18500512,OPERATOR,25/02/2020,14:36:00,0,0,0,0,00,0
NSTD,KK13,L02-ER-68-2,MTAXMC18500512,OPERATOR,25/02/2020,14:37:00,0,0,0,0,00,0
NSTD,KK13,L02-ER-68-2,MTAXMC18500512,OPERATOR,25/02/2020,14:38:00,30,30,0,0,00,0
NSTD,KK13,L02-ER-68-2,MTAXMC18500512,OPERATOR,25/02/2020,14:39:00,0,0,0,0,00,0
NSTD,KK13,L02-ER-68-2,MTAXMC18500512,OPERATOR,25/02/2020,14:40:00,0,0,0,0,00,0
NSTD,KK13,L02-ER-68-2,MTAXMC18500512,OPERATOR,25/02/2020,14:41:00,0,0,0,0,00,0
NSTD,KK13,L02-ER-68-2,MTAXMC18500512,OPERATOR,25/02/2020,14:42:00,0,0,0,0,00,0
NSTD,KK13,L02-ER-68-2,MTAXMC18500512,OPERATOR,25/02/2020,14:43:00,0,0,0,0,00,0
NSTD,KK13,L02-ER-68-2,MTAXMC18500512,OPERATOR,25/02/2020,14:44:00,0,0,0,0,00,0
NSTD,KK13,L02-ER-68-2,MTAXMC18500512,OPERATOR,25/02/2020,14:45:00,0,0,0,0,00,0
NSTD,KK13,L02-ER-68-2,MTAXMC18500512,OPERATOR,25/02/2020,14:46:00,0,0,0,0,00,0
NSTD,KK13,L02-ER-68-2,MTAXMC18500512,OPERATOR,25/02/2020,14:47:00,0,0,0,0,00,0
NSTD,KK13,L02-ER-68-2,MTAXMC18500512,OPERATOR,25/02/2020,14:48:00,0,0,0,0,00,0
NSTD,KK13,L02-ER-68-2,MTAXMC18500512,OPERATOR,25/02/2020,14:49:00,0,0,0,0,00,0
NSTD,KK13,L02-ER-68-2,MTAXMC18500512,OPERATOR,25/02/2020,14:50:00,0,0,0,0,00,0
NSTD,KK13,L02-ER-68-2,MTAXMC18500512,OPERATOR,25/02/2020,14:51:00,2,2,0,0,00,0
NSTD,KK13,L02-ER-68-2,MTAXMC18500512,OPERATOR,25/02/2020,14:52:00,0,0,0,0,00,0
NSTD,KK13,L02-ER-68-2,MTAXMC18500512,OPERATOR,25/02/2020,14:53:00,0,0,0,0,00,0
NSTD,KK13,L02-ER-68-2,MTAXMC18500512,OPERATOR,25/02/2020,14:54:00,0,0,0,0,00,0
NSTD,KK13,L02-ER-68-2,MTAXMC18500512,OPERATOR,25/02/2020,14:55:00,0,0,0,0,00,0
NSTD,KK13,L02-ER-68-2,MTAXMC18500512,OPERATOR,25/02/2020,14:56:00,0,0,0,0,00,0
NSTD,KK13,L02-ER-68-2,MTAXMC18500512,OPERATOR,25/02/2020,14:57:00,30,30,0,0,00,0
NSTD,KK13,L02-ER-68-2,MTAXMC18500512,OPERATOR,25/02/2020,14:58:00,36,36,0,0,00,0
NSTD,KK13,L02-ER-68-2,MTAXMC18500512,OPERATOR,25/02/2020,14:59:00,36,36,0,0,00,0
NSTD,KK13,L02-ER-68-2,MTAXMC18500512,OPERATOR,25/02/2020,15:00:00,0,0,0,0,00,0
NSTD,KK13,L02-ER-68-2,MTAXMC18500512,OPERATOR,25/02/2020,15:01:00,36,36,0,0,00,0
NSTD,KK13,L02-ER-68-2,MTAXMC18500512,OPERATOR,25/02/2020,15:02:00,0,0,0,0,00,0
NSTD,KK13,L02-ER-68-2,MTAXMC18500512,OPERATOR,25/02/2020,15:03:00,36,36,0,0,00,0
NSTD,KK13,L02-ER-68-2,MTAXMC18500512,OPERATOR,25/02/2020,15:04:00,36,36,0,0,00,0
NSTD,KK13,L02-ER-68-2,MTAXMC18500512,OPERATOR,25/02/2020,15:05:00,0,0,0,0,00,0
NSTD,KK13,L02-ER-68-2,MTAXMC18500512,OPERATOR,25/02/2020,15:06:00,35,35,0,0,00,0
NSTD,KK13,L02-ER-68-2,MTAXMC18500512,OPERATOR,25/02/2020,15:07:00,36,36,0,0,00,0
NSTD,KK13,L02-ER-68-2,MTAXMC18500512,OPERATOR,25/02/2020,15:08:00,0,0,0,0,00,0
NSTD,KK13,L02-ER-68-2,MTAXMC18500512,OPERATOR,25/02/2020,15:09:00,36,36,0,0,00,0
NSTD,KK13,L02-ER-68-2,MTAXMC18500512,OPERATOR,25/02/2020,15:10:00,0,0,0,0,00,0
NSTD,KK13,L02-ER-68-2,MTAXMC18500512,OPERATOR,25/02/2020,15:11:00,0,0,0,0,00,0
NSTD,KK13,L02-ER-68-2,MTAXMC18500512,OPERATOR,25/02/2020,15:12:00,36,36,0,0,00,0
NSTD,KK13,L02-ER-68-2,MTAXMC18500512,OPERATOR,25/02/2020,15:13:00,0,0,0,0,00,0
NSTD,KK13,L02-ER-68-2,MTAXMC18500512,OPERATOR,25/02/2020,15:14:00,35,35,0,0,00,0
NSTD,KK13,L02-ER-68-2,MTAXMC18500512,OPERATOR,25/02/2020,15:15:00,2,2,0,0,00,0
NSTD,KK13,L02-ER-68-2,MTAXMC18500512,OPERATOR,25/02/2020,15:16:00,0,0,0,0,00,0
NSTD,KK13,L02-ER-68-2,MTAXMC18500512,OPERATOR,25/02/2020,15:17:00,0,0,0,0,00,0
NSTD,KK13,L02-ER-68-2,MTAXMC18500512,OPERATOR,25/02/2020,15:18:00,0,0,0,0,00,0
NSTD,KK13,L02-ER-68-2,MTAXMC18500512,OPERATOR,25/02/2020,15:19:00,0,0,0,0,00,0
NSTD,KK13,L02-ER-68-2,MTAXMC18500512,OPERATOR,25/02/2020,15:20:00,0,0,0,0,00,0
NSTD,KK13,L02-ER-68-2,MTAXMC18500512,OPERATOR,25/02/2020,15:21:00,0,0,0,0,00,0
NSTD,KK13,L02-ER-68-2,MTAXMC18500512,OPERATOR,25/02/2020,15:22:00,0,0,0,0,00,0
NSTD,KK13,L02-ER-68-2,MTAXMC18500512,OPERATOR,25/02/2020,15:23:00,0,0,0,0,00,0
NSTD,KK13,L02-ER-68-2,MTAXMC18500512,OPERATOR,25/02/2020,15:24:00,0,0,0,0,00,0
NSTD,KK13,L02-ER-68-2,MTAXMC18500512,OPERATOR,25/02/2020,15:25:00,0,0,0,0,00,0
NSTD,KK13,L02-ER-68-2,MTAXMC18500512,OPERATOR,25/02/2020,15:26:00,0,0,0,0,00,0
NSTD,KK13,L02-ER-68-2,MTAXMC18500512,OPERATOR,25/02/2020,15:27:00,0,0,0,0,00,0
NSTD,KK13,L02-ER-68-2,MTAXMC18500512,OPERATOR,25/02/2020,15:28:00,0,0,0,0,00,0
NSTD,KK13,L02-ER-68-2,MTAXMC18500512,OPERATOR,25/02/2020,15:29:00,0,0,0,0,00,0
NSTD,KK13,L02-ER-68-2,MTAXMC18500512,OPERATOR,25/02/2020,15:30:00,0,0,0,0,00,0
NSTD,KK13,L02-ER-68-2,MTAXMC18500512,OPERATOR,25/02/2020,15:31:00,0,0,0,0,00,0
NSTD,KK13,L02-ER-68-2,MTAXMC18500512,OPERATOR,25/02/2020,15:32:00,0,0,0,0,00,0
NSTD,KK13,L02-ER-68-2,MTAXMC18500512,OPERATOR,25/02/2020,15:33:00,0,0,0,0,00,0
NSTD,KK13,L02-ER-68-2,MTAXMC18500512,OPERATOR,25/02/2020,15:34:00,0,0,0,0,00,0
NSTD,KK13,L02-ER-68-2,MTAXMC18500512,OPERATOR,25/02/2020,15:35:00,0,0,0,0,00,0
NSTD,KK13,L02-ER-68-2,MTAXMC18500512,OPERATOR,25/02/2020,15:36:00,0,0,0,0,00,0
NSTD,KK13,L02-ER-68-2,MTAXMC18500512,OPERATOR,25/02/2020,15:37:00,0,0,0,0,00,0
NSTD,KK13,L02-ER-68-2,MTAXMC18500512,OPERATOR,25/02/2020,15:38:00,0,0,0,0,00,0
NSTD,KK13,L02-ER-68-2,MTAXMC18500512,OPERATOR,25/02/2020,15:39:00,0,0,0,0,00,0
NSTD,KK13,L02-ER-68-2,MTAXMC18500512,OPERATOR,25/02/2020,15:40:00,0,0,0,0,00,0
NSTD,KK13,L02-ER-68-2,MTAXMC18500512,OPERATOR,25/02/2020,15:41:00,0,0,0,0,00,0
NSTD,KK13,L02-ER-68-2,MTAXMC18500512,OPERATOR,25/02/2020,15:42:00,0,0,0,0,00,0
NSTD,KK13,L02-ER-68-2,MTAXMC18500512,OPERATOR,25/02/2020,15:43:00,0,0,0,0,00,0
NSTD,KK13,L02-ER-68-2,MTAXMC18500512,OPERATOR,25/02/2020,15:44:00,0,0,0,0,00,0
NSTD,KK13,L02-ER-68-2,MTAXMC18500512,OPERATOR,25/02/2020,15:45:00,0,0,0,0,00,0
NSTD,KK13,L02-ER-68-2,MTAXMC18500512,OPERATOR,25/02/2020,15:46:00,0,0,0,0,00,0
NSTD,KK13,L02-ER-68-2,MTAXMC18500512,OPERATOR,25/02/2020,15:47:00,0,0,0,0,00,0
NSTD,KK13,L02-ER-68-2,MTAXMC18500512,OPERATOR,25/02/2020,15:48:00,0,0,0,0,00,0
NSTD,KK13,L02-ER-68-2,MTAXMC18500512,OPERATOR,25/02/2020,15:49:00,0,0,0,0,00,0
NSTD,KK13,L02-ER-68-2,MTAXMC18500512,OPERATOR,25/02/2020,15:50:00,0,0,0,0,00,0
NSTD,KK13,L02-ER-68-2,MTAXMC18500512,OPERATOR,25/02/2020,15:51:00,0,0,0,0,00,0
NSTD,KK13,L02-ER-68-2,MTAXMC18500512,OPERATOR,25/02/2020,15:52:00,0,0,0,0,00,0
NSTD,KK13,L02-ER-68-2,MTAXMC18500512,OPERATOR,25/02/2020,15:53:00,0,0,0,0,00,0
NSTD,KK13,L02-ER-68-2,MTAXMC18500512,OPERATOR,25/02/2020,15:54:00,0,0,0,0,00,0
NSTD,KK13,L02-ER-68-2,MTAXMC18500512,OPERATOR,25/02/2020,15:55:00,0,0,0,0,00,0
NSTD,KK13,L02-ER-68-2,MTAXMC18500512,OPERATOR,25/02/2020,15:56:00,0,0,0,0,00,0
NSTD,KK13,L02-ER-68-2,MTAXMC18500512,OPERATOR,25/02/2020,15:57:00,0,0,0,0,00,0
NSTD,KK13,L02-ER-68-2,MTAXMC18500512,OPERATOR,25/02/2020,15:58:00,0,0,0,0,00,0
NSTD,KK13,L02-ER-68-2,MTAXMC18500512,OPERATOR,25/02/2020,15:59:00,0,0,0,0,00,0
NSTD,KK13,L02-ER-68-2,MTAXMC18500512,OPERATOR,25/02/2020,16:00:00,0,0,0,0,00,0
NSTD,KK13,L02-ER-68-2,MTAXMC18500512,OPERATOR,25/02/2020,16:01:00,0,0,0,0,00,0
NSTD,KK13,L02-ER-68-2,MTAXMC18500512,OPERATOR,25/02/2020,16:02:00,0,0,0,0,00,0
NSTD,KK13,L02-ER-68-2,MTAXMC18500512,OPERATOR,25/02/2020,16:03:00,0,0,0,0,00,0
NSTD,KK13,L02-ER-68-2,MTAXMC18500512,OPERATOR,25/02/2020,16:04:00,0,0,0,0,00,0
NSTD,KK13,L02-ER-68-2,MTAXMC18500512,OPERATOR,25/02/2020,16:05:00,0,0,0,0,00,0
NSTD,KK13,L02-ER-68-2,MTAXMC18500512,OPERATOR,25/02/2020,16:06:00,0,0,0,0,00,0
NSTD,KK13,L02-ER-68-2,MTAXMC18500512,OPERATOR,25/02/2020,16:07:00,0,0,0,0,00,0
NSTD,KK13,L02-ER-68-2,MTAXMC18500512,OPERATOR,25/02/2020,16:08:00,0,0,0,0,00,0
NSTD,KK13,L02-ER-68-2,MTAXMC18500512,OPERATOR,25/02/2020,16:09:00,0,0,0,0,00,0
NSTD,KK13,L02-ER-68-2,MTAXMC18500512,OPERATOR,25/02/2020,16:10:00,0,0,0,0,00,0
NSTD,KK13,L02-ER-68-2,MTAXMC18500512,OPERATOR,25/02/2020,16:11:00,0,0,0,0,00,0
NSTD,KK13,L02-ER-68-2,MTAXMC18500512,OPERATOR,25/02/2020,16:12:00,0,0,0,0,00,0
NSTD,KK13,L02-ER-68-2,MTAXMC18500512,OPERATOR,25/02/2020,16:13:00,0,0,0,0,00,0
NSTD,KK13,L02-ER-68-2,MTAXMC18500512,OPERATOR,25/02/2020,16:14:00,0,0,0,0,00,0
NSTD,KK13,L02-ER-68-2,MTAXMC18500512,OPERATOR,25/02/2020,16:15:00,0,0,0,0,00,0
NSTD,KK13,L02-ER-68-2,MTAXMC18500512,OPERATOR,25/02/2020,16:16:00,0,0,0,0,00,0
NSTD,KK13,L02-ER-68-2,MTAXMC18500512,OPERATOR,25/02/2020,16:17:00,0,0,0,0,00,0
NSTD,KK13,L02-ER-68-2,MTAXMC18500512,OPERATOR,25/02/2020,16:18:00,0,0,0,0,00,0
NSTD,KK13,L02-ER-68-2,MTAXMC18500512,OPERATOR,25/02/2020,16:19:00,0,0,0,0,00,0
NSTD,KK13,L02-ER-68-2,MTAXMC18500512,OPERATOR,25/02/2020,16:20:00,0,0,0,0,00,0
NSTD,KK13,L02-ER-68-2,MTAXMC18500512,OPERATOR,25/02/2020,16:21:00,0,0,0,0,00,0
NSTD,KK13,L02-ER-68-2,MTAXMC18500512,OPERATOR,25/02/2020,16:22:00,0,0,0,0,00,0
NSTD,KK13,L02-ER-68-2,MTAXMC18500512,OPERATOR,25/02/2020,16:23:00,0,0,0,0,00,0
NSTD,KK13,L02-ER-68-2,MTAXMC18500512,OPERATOR,25/02/2020,16:24:00,0,0,0,0,00,0
NSTD,KK13,L02-ER-68-2,MTAXMC18500512,OPERATOR,25/02/2020,16:25:00,0,0,0,0,00,0
NSTD,KK13,L02-ER-68-2,MTAXMC18500512,OPERATOR,25/02/2020,16:26:00,0,0,0,0,00,0
NSTD,KK13,L02-ER-68-2,MTAXMC18500512,OPERATOR,25/02/2020,16:27:00,0,0,0,0,00,0
NSTD,KK13,L02-ER-68-2,MTAXMC18500512,OPERATOR,25/02/2020,16:28:00,0,0,0,0,00,0
NSTD,KK13,L02-ER-68-2,MTAXMC18500512,OPERATOR,25/02/2020,16:29:00,0,0,0,0,00,0
NSTD,KK13,L02-ER-68-2,MTAXMC18500512,OPERATOR,25/02/2020,16:30:00,0,0,0,0,00,0
NSTD,KK13,L02-ER-68-2,MTAXMC18500512,OPERATOR,25/02/2020,16:31:00,0,0,0,0,00,0
NSTD,KK13,L02-ER-68-2,MTAXMC18500512,OPERATOR,25/02/2020,16:32:00,0,0,0,0,00,0
NSTD,KK13,L02-ER-68-2,MTAXMC18500512,OPERATOR,25/02/2020,16:33:00,0,0,0,0,00,0
NSTD,KK13,L02-ER-68-2,MTAXMC18500512,OPERATOR,25/02/2020,16:34:00,0,0,0,0,00,0
NSTD,KK13,L02-ER-68-2,MTAXMC18500512,OPERATOR,25/02/2020,16:35:00,0,0,0,0,00,0
NSTD,KK13,L02-ER-68-2,MTAXMC18500512,OPERATOR,25/02/2020,16:36:00,0,0,0,0,00,0
NSTD,KK13,L02-ER-68-2,MTAXMC18500512,OPERATOR,25/02/2020,16:37:00,0,0,0,0,00,0
NSTD,KK13,L02-ER-68-2,MTAXMC18500512,OPERATOR,25/02/2020,16:38:00,0,0,0,0,00,0
NSTD,KK13,L02-ER-68-2,MTAXMC18500512,OPERATOR,25/02/2020,16:39:00,0,0,0,0,00,0
NSTD,KK13,L02-ER-68-2,MTAXMC18500512,OPERATOR,25/02/2020,16:40:00,0,0,0,0,00,0
NSTD,KK13,L02-ER-68-2,MTAXMC18500512,OPERATOR,25/02/2020,16:41:00,0,0,0,0,00,0
NSTD,KK13,L02-ER-68-2,MTAXMC18500512,OPERATOR,25/02/2020,16:42:00,0,0,0,0,00,0
NSTD,KK13,L02-ER-68-2,MTAXMC18500512,OPERATOR,25/02/2020,16:43:00,0,0,0,0,00,0
NSTD,KK13,L02-ER-68-2,MTAXMC18500512,OPERATOR,25/02/2020,16:44:00,0,0,0,0,00,0
NSTD,KK13,L02-ER-68-2,MTAXMC18500512,OPERATOR,25/02/2020,16:45:00,0,0,0,0,00,0
NSTD,KK13,L02-ER-68-2,MTAXMC18500512,OPERATOR,25/02/2020,16:46:00,0,0,0,0,00,0
NSTD,KK13,L02-ER-68-2,MTAXMC18500512,OPERATOR,25/02/2020,16:47:00,0,0,0,0,00,0
NSTD,KK13,L02-ER-68-2,MTAXMC18500512,OPERATOR,25/02/2020,16:48:00,0,0,0,0,00,0
NSTD,KK13,L02-ER-68-2,MTAXMC18500512,OPERATOR,25/02/2020,16:49:00,0,0,0,0,00,0
NSTD,KK13,L02-ER-68-2,MTAXMC18500512,OPERATOR,25/02/2020,16:50:00,0,0,0,0,00,0
NSTD,KK13,L02-ER-68-2,MTAXMC18500512,OPERATOR,25/02/2020,16:51:00,0,0,0,0,00,0
NSTD,KK13,L02-ER-68-2,MTAXMC18500512,OPERATOR,25/02/2020,16:52:00,0,0,0,0,00,0
NSTD,KK13,L02-ER-68-2,MTAXMC18500512,OPERATOR,25/02/2020,16:53:00,0,0,0,0,00,0
NSTD,KK13,L02-ER-68-2,MTAXMC18500512,OPERATOR,25/02/2020,16:54:00,0,0,0,0,00,0
NSTD,KK13,L02-ER-68-2,MTAXMC18500512,OPERATOR,25/02/2020,16:55:00,0,0,0,0,00,0
NSTD,KK13,L02-ER-68-2,MTAXMC18500512,OPERATOR,25/02/2020,16:56:00,0,0,0,0,00,0
NSTD,KK13,L02-ER-68-2,MTAXMC18500512,OPERATOR,25/02/2020,16:57:00,0,0,0,0,00,0
NSTD,KK13,L02-ER-68-2,MTAXMC18500512,OPERATOR,25/02/2020,16:58:00,0,0,0,0,00,0
NSTD,KK13,L02-ER-68-2,MTAXMC18500512,OPERATOR,25/02/2020,16:59:00,0,0,0,0,00,0
NSTD,KK13,L02-ER-68-2,MTAXMC18500512,OPERATOR,25/02/2020,17:00:00,0,0,0,0,00,0
NSTD,KK13,L02-ER-68-2,MTAXMC18500512,OPERATOR,25/02/2020,17:01:00,0,0,0,0,00,0
NSTD,KK13,L02-ER-68-2,MTAXMC18500512,OPERATOR,25/02/2020,17:02:00,0,0,0,0,00,0
NSTD,KK13,L02-ER-68-2,MTAXMC18500512,OPERATOR,25/02/2020,17:03:00,0,0,0,0,00,0
NSTD,KK13,L02-ER-68-2,MTAXMC18500512,OPERATOR,25/02/2020,17:04:00,0,0,0,0,00,0
NSTD,KK13,L02-ER-68-2,MTAXMC18500512,OPERATOR,25/02/2020,17:05:00,0,0,0,0,00,0
NSTD,KK13,L02-ER-68-2,MTAXMC18500512,OPERATOR,25/02/2020,17:06:00,0,0,0,0,00,0
NSTD,KK13,L02-ER-68-2,MTAXMC18500512,OPERATOR,25/02/2020,17:07:00,0,0,0,0,00,0
NSTD,KK13,L02-ER-68-2,MTAXMC18500512,OPERATOR,25/02/2020,17:08:00,0,0,0,0,00,0
NSTD,KK13,L02-ER-68-2,MTAXMC18500512,OPERATOR,25/02/2020,17:09:00,0,0,0,0,00,0
NSTD,KK13,L02-ER-68-2,MTAXMC18500512,OPERATOR,25/02/2020,17:10:00,0,0,0,0,00,0
NSTD,KK13,L02-ER-68-2,MTAXMC18500512,OPERATOR,25/02/2020,17:11:00,0,0,0,0,00,0
NSTD,KK13,L02-ER-68-2,MTAXMC18500512,OPERATOR,25/02/2020,17:12:00,0,0,0,0,00,0
NSTD,KK13,L02-ER-68-2,MTAXMC18500512,OPERATOR,25/02/2020,17:13:00,0,0,0,0,00,0
NSTD,KK13,L02-ER-68-2,MTAXMC18500512,OPERATOR,25/02/2020,17:14:00,0,0,0,0,00,0
NSTD,KK13,L02-ER-68-2,MTAXMC18500512,OPERATOR,25/02/2020,17:15:00,0,0,0,0,00,0
NSTD,KK13,L02-ER-68-2,MTAXMC18500512,OPERATOR,25/02/2020,17:16:00,0,0,0,0,00,0
NSTD,KK13,L02-ER-68-2,MTAXMC18500512,OPERATOR,25/02/2020,17:17:00,0,0,0,0,00,0
NSTD,KK13,L02-ER-68-2,MTAXMC18500512,OPERATOR,25/02/2020,17:18:00,0,0,0,0,00,0
NSTD,KK13,L02-ER-68-2,MTAXMC18500512,OPERATOR,25/02/2020,17:19:00,0,0,0,0,00,0
NSTD,KK13,L02-ER-68-2,MTAXMC18500512,OPERATOR,25/02/2020,17:20:00,0,0,0,0,00,0
NSTD,KK13,L02-ER-68-2,MTAXMC18500512,OPERATOR,25/02/2020,17:21:00,0,0,0,0,00,0
NSTD,KK13,L02-ER-68-2,MTAXMC18500512,OPERATOR,25/02/2020,17:22:00,0,0,0,0,00,0
NSTD,KK13,L02-ER-68-2,MTAXMC18500512,OPERATOR,25/02/2020,17:23:00,0,0,0,0,00,0
NSTD,KK13,L02-ER-68-2,MTAXMC18500512,OPERATOR,25/02/2020,17:24:00,0,0,0,0,00,0
NSTD,KK13,L02-ER-68-2,MTAXMC18500512,OPERATOR,25/02/2020,17:25:00,0,0,0,0,00,0
NSTD,KK13,L02-ER-68-2,MTAXMC18500512,OPERATOR,25/02/2020,17:26:00,0,0,0,0,00,0
NSTD,KK13,L02-ER-68-2,MTAXMC18500512,OPERATOR,25/02/2020,17:27:00,0,0,0,0,00,0
NSTD,KK13,L02-ER-68-2,MTAXMC18500512,OPERATOR,25/02/2020,17:28:00,0,0,0,0,00,0
NSTD,KK13,L02-ER-68-2,MTAXMC18500512,OPERATOR,25/02/2020,17:29:00,0,0,0,0,00,0
NSTD,KK13,L02-ER-68-2,MTAXMC18500512,OPERATOR,25/02/2020,17:30:00,0,0,0,0,00,0
NSTD,KK13,L02-ER-68-2,MTAXMC18500512,OPERATOR,25/02/2020,17:31:00,0,0,0,0,00,0
NSTD,KK13,L02-ER-68-2,MTAXMC18500512,OPERATOR,25/02/2020,17:32:00,0,0,0,0,00,0
NSTD,KK13,L02-ER-68-2,MTAXMC18500512,OPERATOR,25/02/2020,17:33:00,0,0,0,0,00,0
NSTD,KK13,L02-ER-68-2,MTAXMC18500512,OPERATOR,25/02/2020,17:34:00,0,0,0,0,00,0
NSTD,KK13,L02-ER-68-2,MTAXMC18500512,OPERATOR,25/02/2020,17:35:00,0,0,0,0,00,0
NSTD,KK13,L02-ER-68-2,MTAXMC18500512,OPERATOR,25/02/2020,17:36:00,0,0,0,0,00,0
NSTD,KK13,L02-ER-68-2,MTAXMC18500512,OPERATOR,25/02/2020,17:37:00,0,0,0,0,00,0
NSTD,KK13,L02-ER-68-2,MTAXMC18500512,OPERATOR,25/02/2020,17:38:00,0,0,0,0,00,0
NSTD,KK13,L02-ER-68-2,MTAXMC18500512,OPERATOR,25/02/2020,17:39:00,0,0,0,0,00,0
NSTD,KK13,L02-ER-68-2,MTAXMC18500512,OPERATOR,25/02/2020,17:40:00,0,0,0,0,00,0
NSTD,KK13,L02-ER-68-2,MTAXMC18500512,OPERATOR,25/02/2020,17:41:00,0,0,0,0,00,0
NSTD,KK13,L02-ER-68-2,MTAXMC18500512,OPERATOR,25/02/2020,17:42:00,0,0,0,0,00,0
NSTD,KK13,L02-ER-68-2,MTAXMC18500512,OPERATOR,25/02/2020,17:43:00,0,0,0,0,00,0
NSTD,KK13,L02-ER-68-2,MTAXMC18500512,OPERATOR,25/02/2020,17:44:00,0,0,0,0,00,0
NSTD,KK13,L02-ER-68-2,MTAXMC18500512,OPERATOR,25/02/2020,17:45:00,0,0,0,0,00,0
NSTD,KK13,L02-ER-68-2,MTAXMC18500512,OPERATOR,25/02/2020,17:46:00,0,0,0,0,00,0
NSTD,KK13,L02-ER-68-2,MTAXMC18500512,OPERATOR,25/02/2020,17:47:00,0,0,0,0,00,0
NSTD,KK13,L02-ER-68-2,MTAXMC18500512,OPERATOR,25/02/2020,17:48:00,0,0,0,0,00,0
NSTD,KK13,L02-ER-68-2,MTAXMC18500512,OPERATOR,25/02/2020,17:49:00,0,0,0,0,00,0
NSTD,KK13,L02-ER-68-2,MTAXMC18500512,OPERATOR,25/02/2020,17:50:00,0,0,0,0,00,0
NSTD,KK13,L02-ER-68-2,MTAXMC18500512,OPERATOR,25/02/2020,17:51:00,0,0,0,0,00,0
NSTD,KK13,L02-ER-68-2,MTAXMC18500512,OPERATOR,25/02/2020,17:52:00,0,0,0,0,00,0
NSTD,KK13,L02-ER-68-2,MTAXMC18500512,OPERATOR,25/02/2020,17:53:00,0,0,0,0,00,0
NSTD,KK13,L02-ER-68-2,MTAXMC18500512,OPERATOR,25/02/2020,17:54:00,0,0,0,0,00,0
NSTD,KK13,L02-ER-68-2,MTAXMC18500512,OPERATOR,25/02/2020,17:55:00,0,0,0,0,00,0
NSTD,KK13,L02-ER-68-2,MTAXMC18500512,OPERATOR,25/02/2020,17:56:00,0,0,0,0,00,0
NSTD,KK13,L02-ER-68-2,MTAXMC18500512,OPERATOR,25/02/2020,17:57:00,0,0,0,0,00,0
NSTD,KK13,L02-ER-68-2,MTAXMC18500512,OPERATOR,25/02/2020,17:58:00,0,0,0,0,00,0
NSTD,KK13,L02-ER-68-2,MTAXMC18500512,OPERATOR,25/02/2020,17:59:00,0,0,0,0,00,0
NSTD,KK13,L02-ER-68-2,MTAXMC18500512,OPERATOR,25/02/2020,18:00:00,0,0,0,0,00,0
NSTD,KK13,L02-ER-68-2,MTAXMC18500512,OPERATOR,25/02/2020,18:01:00,0,0,0,0,00,0
NSTD,KK13,L02-ER-68-2,MTAXMC18500512,OPERATOR,25/02/2020,18:02:00,0,0,0,0,00,0
NSTD,KK13,L02-ER-68-2,MTAXMC18500512,OPERATOR,25/02/2020,18:03:00,0,0,0,0,00,0
NSTD,KK13,L02-ER-68-2,MTAXMC18500512,OPERATOR,25/02/2020,18:04:00,0,0,0,0,00,0
NSTD,KK13,L02-ER-68-2,MTAXMC18500512,OPERATOR,25/02/2020,18:05:00,0,0,0,0,00,0
NSTD,KK13,L02-ER-68-2,MTAXMC18500512,OPERATOR,25/02/2020,18:06:00,0,0,0,0,00,0
NSTD,KK13,L02-ER-68-2,MTAXMC18500512,OPERATOR,25/02/2020,18:07:00,0,0,0,0,00,0
NSTD,KK13,L02-ER-68-2,MTAXMC18500512,OPERATOR,25/02/2020,18:08:00,0,0,0,0,00,0
NSTD,KK13,L02-ER-68-2,MTAXMC18500512,OPERATOR,25/02/2020,18:09:00,0,0,0,0,00,0
NSTD,KK13,L02-ER-68-2,MTAXMC18500512,OPERATOR,25/02/2020,18:10:00,0,0,0,0,00,0
NSTD,KK13,L02-ER-68-2,MTAXMC18500512,OPERATOR,25/02/2020,18:11:00,0,0,0,0,00,0
NSTD,KK13,L02-ER-68-2,MTAXMC18500512,OPERATOR,25/02/2020,18:12:00,0,0,0,0,00,0
NSTD,KK13,L02-ER-68-2,MTAXMC18500512,OPERATOR,25/02/2020,18:13:00,0,0,0,0,00,0
NSTD,KK13,L02-ER-68-2,MTAXMC18500512,OPERATOR,25/02/2020,18:14:00,0,0,0,0,00,0
NSTD,KK13,L02-ER-68-2,MTAXMC18500512,OPERATOR,25/02/2020,18:15:00,0,0,0,0,00,0
NSTD,KK13,L02-ER-68-2,MTAXMC18500512,OPERATOR,25/02/2020,18:16:00,0,0,0,0,00,0
NSTD,KK13,L02-ER-68-2,MTAXMC18500512,OPERATOR,25/02/2020,18:17:00,0,0,0,0,00,0
NSTD,KK13,L02-ER-68-2,MTAXMC18500512,OPERATOR,25/02/2020,18:18:00,0,0,0,0,00,0
NSTD,KK13,L02-ER-68-2,MTAXMC18500512,OPERATOR,25/02/2020,18:19:00,0,0,0,0,00,0
NSTD,KK13,L02-ER-68-2,MTAXMC18500512,OPERATOR,25/02/2020,18:20:00,0,0,0,0,00,0
NSTD,KK13,L02-ER-68-2,MTAXMC18500512,OPERATOR,25/02/2020,18:21:00,0,0,0,0,00,0
NSTD,KK13,L02-ER-68-2,MTAXMC18500512,OPERATOR,25/02/2020,18:22:00,0,0,0,0,00,0
NSTD,KK13,L02-ER-68-2,MTAXMC18500512,OPERATOR,25/02/2020,18:23:00,0,0,0,0,00,0
NSTD,KK13,L02-ER-68-2,MTAXMC18500512,OPERATOR,25/02/2020,18:24:00,0,0,0,0,00,0
NSTD,KK13,L02-ER-68-2,MTAXMC18500512,OPERATOR,25/02/2020,18:25:00,0,0,0,0,00,0
NSTD,KK13,L02-ER-68-2,MTAXMC18500512,OPERATOR,25/02/2020,18:26:00,0,0,0,0,00,0
NSTD,KK13,L02-ER-68-2,MTAXMC18500512,OPERATOR,25/02/2020,18:27:00,0,0,0,0,00,0
NSTD,KK13,L02-ER-68-2,MTAXMC18500512,OPERATOR,25/02/2020,18:28:00,0,0,0,0,00,0
NSTD,KK13,L02-ER-68-2,MTAXMC18500512,OPERATOR,25/02/2020,18:29:00,0,0,0,0,00,0
NSTD,KK13,L02-ER-68-2,MTAXMC18500512,OPERATOR,25/02/2020,18:30:00,0,0,0,0,00,0
NSTD,KK13,L02-ER-68-2,MTAXMC18500512,OPERATOR,25/02/2020,18:31:00,0,0,0,0,00,0
NSTD,KK13,L02-ER-68-2,MTAXMC18500512,OPERATOR,25/02/2020,18:32:00,0,0,0,0,00,0
NSTD,KK13,L02-ER-68-2,MTAXMC18500512,OPERATOR,25/02/2020,18:33:00,0,0,0,0,00,0
NSTD,KK13,L02-ER-68-2,MTAXMC18500512,OPERATOR,25/02/2020,18:34:00,0,0,0,0,00,0
NSTD,KK13,L02-ER-68-2,MTAXMC18500512,OPERATOR,25/02/2020,18:35:00,0,0,0,0,00,0
NSTD,KK13,L02-ER-68-2,MTAXMC18500512,OPERATOR,25/02/2020,18:36:00,0,0,0,0,00,0
NSTD,KK13,L02-ER-68-2,MTAXMC18500512,OPERATOR,25/02/2020,18:37:00,0,0,0,0,00,0
NSTD,KK13,L02-ER-68-2,MTAXMC18500512,OPERATOR,25/02/2020,18:38:00,0,0,0,0,00,0
NSTD,KK13,L02-ER-68-2,MTAXMC18500512,OPERATOR,25/02/2020,18:39:00,0,0,0,0,00,0
NSTD,KK13,L02-ER-68-2,MTAXMC18500512,OPERATOR,25/02/2020,18:40:00,0,0,0,0,00,0
NSTD,KK13,L02-ER-68-2,MTAXMC18500512,OPERATOR,25/02/2020,18:41:00,0,0,0,0,00,0
NSTD,KK13,L02-ER-68-2,MTAXMC18500512,OPERATOR,25/02/2020,18:42:00,0,0,0,0,00,0
NSTD,KK13,L02-ER-68-2,MTAXMC18500512,OPERATOR,25/02/2020,18:43:00,0,0,0,0,00,0
NSTD,KK13,L02-ER-68-2,MTAXMC18500512,OPERATOR,25/02/2020,18:44:00,0,0,0,0,00,0
NSTD,KK13,L02-ER-68-2,MTAXMC18500512,OPERATOR,25/02/2020,18:45:00,0,0,0,0,00,0
NSTD,KK13,L02-ER-68-2,MTAXMC18500512,OPERATOR,25/02/2020,18:46:00,0,0,0,0,00,0
NSTD,KK13,L02-ER-68-2,MTAXMC18500512,OPERATOR,25/02/2020,18:47:00,0,0,0,0,00,0
NSTD,KK13,L02-ER-68-2,MTAXMC18500512,OPERATOR,25/02/2020,18:48:00,0,0,0,0,00,0
NSTD,KK13,L02-ER-68-2,MTAXMC18500512,OPERATOR,25/02/2020,18:49:00,0,0,0,0,00,0
NSTD,KK13,L02-ER-68-2,MTAXMC18500512,OPERATOR,25/02/2020,18:50:00,0,0,0,0,00,0
NSTD,KK13,L02-ER-68-2,MTAXMC18500512,OPERATOR,25/02/2020,18:51:00,0,0,0,0,00,0
NSTD,KK13,L02-ER-68-2,MTAXMC18500512,OPERATOR,25/02/2020,18:52:00,0,0,0,0,00,0
NSTD,KK13,L02-ER-68-2,MTAXMC18500512,OPERATOR,25/02/2020,18:53:00,0,0,0,0,00,0
NSTD,KK13,L02-ER-68-2,MTAXMC18500512,OPERATOR,25/02/2020,18:54:00,0,0,0,0,00,0
NSTD,KK13,L02-ER-68-2,MTAXMC18500512,OPERATOR,25/02/2020,18:55:00,0,0,0,0,00,0
NSTD,KK13,L02-ER-68-2,MTAXMC18500512,OPERATOR,25/02/2020,18:56:00,0,0,0,0,00,0
NSTD,KK13,L02-ER-68-2,MTAXMC18500512,OPERATOR,25/02/2020,18:57:00,0,0,0,0,00,0
NSTD,KK13,L02-ER-68-2,MTAXMC18500512,OPERATOR,25/02/2020,18:58:00,0,0,0,0,00,0
NSTD,KK13,L02-ER-68-2,MTAXMC18500512,OPERATOR,25/02/2020,18:59:00,0,0,0,0,00,0
NSTD,KK13,L02-ER-68-2,MTAXMC18500512,OPERATOR,25/02/2020,19:00:00,0,0,0,0,00,0
NSTD,KK13,L02-ER-68-2,MTAXMC18500512,OPERATOR,25/02/2020,19:01:00,0,0,0,0,00,0
NSTD,KK13,L02-ER-68-2,MTAXMC18500512,OPERATOR,25/02/2020,19:02:00,0,0,0,0,00,0
NSTD,KK13,L02-ER-68-2,MTAXMC18500512,OPERATOR,25/02/2020,19:03:00,0,0,0,0,00,0
NSTD,KK13,L02-ER-68-2,MTAXMC18500512,OPERATOR,25/02/2020,19:04:00,0,0,0,0,00,0
NSTD,KK13,L02-ER-68-2,MTAXMC18500512,OPERATOR,25/02/2020,19:05:00,0,0,0,0,00,0
NSTD,KK13,L02-ER-68-2,MTAXMC18500512,OPERATOR,25/02/2020,19:06:00,0,0,0,0,00,0
NSTD,KK13,L02-ER-68-2,MTAXMC18500512,OPERATOR,25/02/2020,19:07:00,0,0,0,0,00,0
NSTD,KK13,L02-ER-68-2,MTAXMC18500512,OPERATOR,25/02/2020,19:08:00,0,0,0,0,00,0
NSTD,KK13,L02-ER-68-2,MTAXMC18500512,OPERATOR,25/02/2020,19:09:00,0,0,0,0,00,0
NSTD,KK13,L02-ER-68-2,MTAXMC18500512,OPERATOR,25/02/2020,19:10:00,0,0,0,0,00,0
NSTD,KK13,L02-ER-68-2,MTAXMC18500512,OPERATOR,25/02/2020,19:11:00,0,0,0,0,00,0
NSTD,KK13,L02-ER-68-2,MTAXMC18500512,OPERATOR,25/02/2020,19:12:00,0,0,0,0,00,0
NSTD,KK13,L02-ER-68-2,MTAXMC18500512,OPERATOR,25/02/2020,19:13:00,0,0,0,0,00,0
NSTD,KK13,L02-ER-68-2,MTAXMC18500512,OPERATOR,25/02/2020,19:14:00,0,0,0,0,00,0
NSTD,KK13,L02-ER-68-2,MTAXMC18500512,OPERATOR,25/02/2020,19:15:00,0,0,0,0,00,0
NSTD,KK13,L02-ER-68-2,MTAXMC18500512,OPERATOR,25/02/2020,19:16:00,0,0,0,0,00,0
NSTD,KK13,L02-ER-68-2,MTAXMC18500512,OPERATOR,25/02/2020,19:17:00,0,0,0,0,00,0
NSTD,KK13,L02-ER-68-2,MTAXMC18500512,OPERATOR,25/02/2020,19:18:00,0,0,0,0,00,0
NSTD,KK13,L02-ER-68-2,MTAXMC18500512,OPERATOR,25/02/2020,19:19:00,0,0,0,0,00,0
NSTD,KK13,L02-ER-68-2,MTAXMC18500512,OPERATOR,25/02/2020,19:20:00,0,0,0,0,00,0
NSTD,KK13,L02-ER-68-2,MTAXMC18500512,OPERATOR,25/02/2020,19:21:00,0,0,0,0,00,0
NSTD,KK13,L02-ER-68-2,MTAXMC18500512,OPERATOR,25/02/2020,19:22:00,0,0,0,0,00,0
NSTD,KK13,L02-ER-68-2,MTAXMC18500512,OPERATOR,25/02/2020,19:23:00,0,0,0,0,00,0
NSTD,KK13,L02-ER-68-2,MTAXMC18500512,OPERATOR,25/02/2020,19:24:00,0,0,0,0,00,0
NSTD,KK13,L02-ER-68-2,MTAXMC18500512,OPERATOR,25/02/2020,19:25:00,0,0,0,0,00,0
NSTD,KK13,L02-ER-68-2,MTAXMC18500512,OPERATOR,25/02/2020,19:26:00,0,0,0,0,00,0
NSTD,KK13,L02-ER-68-2,MTAXMC18500512,OPERATOR,25/02/2020,19:27:00,0,0,0,0,00,0
NSTD,KK13,L02-ER-68-2,MTAXMC18500512,OPERATOR,25/02/2020,19:28:00,0,0,0,0,00,0
NSTD,KK13,L02-ER-68-2,MTAXMC18500512,OPERATOR,25/02/2020,19:29:00,0,0,0,0,00,0
NSTD,KK13,L02-ER-68-2,MTAXMC18500512,OPERATOR,25/02/2020,19:30:00,0,0,0,0,00,0
NSTD,KK13,L02-ER-68-2,MTAXMC18500512,OPERATOR,25/02/2020,19:31:00,0,0,0,0,00,0
NSTD,KK13,L02-ER-68-2,MTAXMC18500512,OPERATOR,25/02/2020,19:32:00,0,0,0,0,00,0
NSTD,KK13,L02-ER-68-2,MTAXMC18500512,OPERATOR,25/02/2020,19:33:00,0,0,0,0,00,0
NSTD,KK13,L02-ER-68-2,MTAXMC18500512,OPERATOR,25/02/2020,19:34:00,0,0,0,0,00,0
NSTD,KK13,L02-ER-68-2,MTAXMC18500512,OPERATOR,25/02/2020,19:35:00,0,0,0,0,00,0
NSTD,KK13,L02-ER-68-2,MTAXMC18500512,OPERATOR,25/02/2020,19:36:00,0,0,0,0,00,0
NSTD,KK13,L02-ER-68-2,MTAXMC18500512,OPERATOR,25/02/2020,19:37:00,0,0,0,0,00,0
NSTD,KK13,L02-ER-68-2,MTAXMC18500512,OPERATOR,25/02/2020,19:38:00,0,0,0,0,00,0
NSTD,KK13,L02-ER-68-2,MTAXMC18500512,OPERATOR,25/02/2020,19:39:00,0,0,0,0,00,0
NSTD,KK13,L02-ER-68-2,MTAXMC18500512,OPERATOR,25/02/2020,19:40:00,0,0,0,0,00,0
NSTD,KK13,L02-ER-68-2,MTAXMC18500512,OPERATOR,25/02/2020,19:41:00,0,0,0,0,00,0
NSTD,KK13,L02-ER-68-2,MTAXMC18500512,OPERATOR,25/02/2020,19:42:00,0,0,0,0,00,0
NSTD,KK13,L02-ER-68-2,MTAXMC18500512,OPERATOR,25/02/2020,19:43:00,0,0,0,0,00,0
NSTD,KK13,L02-ER-68-2,MTAXMC18500512,OPERATOR,25/02/2020,19:44:00,0,0,0,0,00,0
NSTD,KK13,L02-ER-68-2,MTAXMC18500512,OPERATOR,25/02/2020,19:45:00,0,0,0,0,00,0
NSTD,KK13,L02-ER-68-2,MTAXMC18500512,OPERATOR,25/02/2020,19:46:00,0,0,0,0,00,0
NSTD,KK13,L02-ER-68-2,MTAXMC18500512,OPERATOR,25/02/2020,19:47:00,0,0,0,0,00,0
NSTD,KK13,L02-ER-68-2,MTAXMC18500512,OPERATOR,25/02/2020,19:48:00,0,0,0,0,00,0
NSTD,KK13,L02-ER-68-2,MTAXMC18500512,OPERATOR,25/02/2020,19:49:00,0,0,0,0,00,0
NSTD,KK13,L02-ER-68-2,MTAXMC18500512,OPERATOR,25/02/2020,19:50:00,0,0,0,0,00,0
NSTD,KK13,L02-ER-68-2,MTAXMC18500512,OPERATOR,25/02/2020,19:51:00,0,0,0,0,00,0
NSTD,KK13,L02-ER-68-2,MTAXMC18500512,OPERATOR,25/02/2020,19:52:00,0,0,0,0,00,0
NSTD,KK13,L02-ER-68-2,MTAXMC18500512,OPERATOR,25/02/2020,19:53:00,0,0,0,0,00,0
NSTD,KK13,L02-ER-68-2,MTAXMC18500512,OPERATOR,25/02/2020,19:54:00,0,0,0,0,00,0
NSTD,KK13,L02-ER-68-2,MTAXMC18500512,OPERATOR,25/02/2020,19:55:00,0,0,0,0,00,0
NSTD,KK13,L02-ER-68-2,MTAXMC18500512,OPERATOR,25/02/2020,19:56:00,0,0,0,0,00,0
NSTD,KK13,L02-ER-68-2,MTAXMC18500512,OPERATOR,25/02/2020,19:57:00,0,0,0,0,00,0
NSTD,KK13,L02-ER-68-2,MTAXMC18500512,OPERATOR,25/02/2020,19:58:00,0,0,0,0,00,0
NSTD,KK13,L02-ER-68-2,MTAXMC18500512,OPERATOR,25/02/2020,19:59:00,0,0,0,0,00,0
NSTD,KK13,L02-ER-68-2,MTAXMC18500512,OPERATOR,25/02/2020,20:00:00,0,0,0,0,00,0
NSTD,KK13,L02-ER-68-2,MTAXMC18500512,OPERATOR,25/02/2020,20:01:00,0,0,0,0,00,0
NSTD,KK13,L02-ER-68-2,MTAXMC18500512,OPERATOR,25/02/2020,20:02:00,0,0,0,0,00,0
NSTD,KK13,L02-ER-68-2,MTAXMC18500512,OPERATOR,25/02/2020,20:03:00,0,0,0,0,00,0
NSTD,KK13,L02-ER-68-2,MTAXMC18500512,OPERATOR,25/02/2020,20:04:00,0,0,0,0,00,0
NSTD,KK13,L02-ER-68-2,MTAXMC18500512,OPERATOR,25/02/2020,20:05:00,0,0,0,0,00,0
NSTD,KK13,L02-ER-68-2,MTAXMC18500512,OPERATOR,25/02/2020,20:06:00,0,0,0,0,00,0
NSTD,KK13,L02-ER-68-2,MTAXMC18500512,OPERATOR,25/02/2020,20:07:00,0,0,0,0,00,0
NSTD,KK13,L02-ER-68-2,MTAXMC18500512,OPERATOR,25/02/2020,20:08:00,0,0,0,0,00,0
NSTD,KK13,L02-ER-68-2,MTAXMC18500512,OPERATOR,25/02/2020,20:09:00,0,0,0,0,00,0
NSTD,KK13,L02-ER-68-2,MTAXMC18500512,OPERATOR,25/02/2020,20:10:00,0,0,0,0,00,0
NSTD,KK13,L02-ER-68-2,MTAXMC18500512,OPERATOR,25/02/2020,20:11:00,0,0,0,0,00,0
NSTD,KK13,L02-ER-68-2,MTAXMC18500512,OPERATOR,25/02/2020,20:12:00,0,0,0,0,00,0
NSTD,KK13,L02-ER-68-2,MTAXMC18500512,OPERATOR,25/02/2020,20:13:00,0,0,0,0,00,0
NSTD,KK13,L02-ER-68-2,MTAXMC18500512,OPERATOR,25/02/2020,20:14:00,0,0,0,0,00,0
NSTD,KK13,L02-ER-68-2,MTAXMC18500512,OPERATOR,25/02/2020,20:15:00,0,0,0,0,00,0
NSTD,KK13,L02-ER-68-2,MTAXMC18500512,OPERATOR,25/02/2020,20:16:00,0,0,0,0,00,0
NSTD,KK13,L02-ER-68-2,MTAXMC18500512,OPERATOR,25/02/2020,20:17:00,0,0,0,0,00,0
NSTD,KK13,L02-ER-68-2,MTAXMC18500512,OPERATOR,25/02/2020,20:18:00,0,0,0,0,00,0
NSTD,KK13,L02-ER-68-2,MTAXMC18500512,OPERATOR,25/02/2020,20:19:00,0,0,0,0,00,0
NSTD,KK13,L02-ER-68-2,MTAXMC18500512,OPERATOR,25/02/2020,20:20:00,0,0,0,0,00,0
NSTD,KK13,L02-ER-68-2,MTAXMC18500512,OPERATOR,25/02/2020,20:21:00,0,0,0,0,00,0
NSTD,KK13,L02-ER-68-2,MTAXMC18500512,OPERATOR,25/02/2020,20:22:00,0,0,0,0,00,0
NSTD,KK13,L02-ER-68-2,MTAXMC18500512,OPERATOR,25/02/2020,20:23:00,0,0,0,0,00,0
NSTD,KK13,L02-ER-68-2,MTAXMC18500512,OPERATOR,25/02/2020,20:24:00,0,0,0,0,00,0
NSTD,KK13,L02-ER-68-2,MTAXMC18500512,OPERATOR,25/02/2020,20:25:00,0,0,0,0,00,0
NSTD,KK13,L02-ER-68-2,MTAXMC18500512,OPERATOR,25/02/2020,20:26:00,0,0,0,0,00,0
NSTD,KK13,L02-ER-68-2,MTAXMC18500512,OPERATOR,25/02/2020,20:27:00,0,0,0,0,00,0
NSTD,KK13,L02-ER-68-2,MTAXMC18500512,OPERATOR,25/02/2020,20:28:00,0,0,0,0,00,0
NSTD,KK13,L02-ER-68-2,MTAXMC18500512,OPERATOR,25/02/2020,20:29:00,0,0,0,0,00,0
NSTD,KK13,L02-ER-68-2,MTAXMC18500512,OPERATOR,25/02/2020,20:30:00,0,0,0,0,00,0
NSTD,KK13,L02-ER-68-2,MTAXMC18500512,OPERATOR,25/02/2020,20:31:00,0,0,0,0,00,0
NSTD,KK13,L02-ER-68-2,MTAXMC18500512,OPERATOR,25/02/2020,20:32:00,0,0,0,0,00,0
NSTD,KK13,L02-ER-68-2,MTAXMC18500512,OPERATOR,25/02/2020,20:33:00,0,0,0,0,00,0
NSTD,KK13,L02-ER-68-2,MTAXMC18500512,OPERATOR,25/02/2020,20:34:00,0,0,0,0,00,0
NSTD,KK13,L02-ER-68-2,MTAXMC18500512,OPERATOR,25/02/2020,20:35:00,0,0,0,0,00,0
NSTD,KK13,L02-ER-68-2,MTAXMC18500512,OPERATOR,25/02/2020,20:36:00,0,0,0,0,00,0
NSTD,KK13,L02-ER-68-2,MTAXMC18500512,OPERATOR,25/02/2020,20:37:00,0,0,0,0,00,0
NSTD,KK13,L02-ER-68-2,MTAXMC18500512,OPERATOR,25/02/2020,20:38:00,0,0,0,0,00,0
NSTD,KK13,L02-ER-68-2,MTAXMC18500512,OPERATOR,25/02/2020,20:39:00,0,0,0,0,00,0
NSTD,KK13,L02-ER-68-2,MTAXMC18500512,OPERATOR,25/02/2020,20:40:00,0,0,0,0,00,0
NSTD,KK13,L02-ER-68-2,MTAXMC18500512,OPERATOR,25/02/2020,20:41:00,0,0,0,0,00,0
NSTD,KK13,L02-ER-68-2,MTAXMC18500512,OPERATOR,25/02/2020,20:42:00,0,0,0,0,00,0
NSTD,KK13,L02-ER-68-2,MTAXMC18500512,OPERATOR,25/02/2020,20:43:00,0,0,0,0,00,0
NSTD,KK13,L02-ER-68-2,MTAXMC18500512,OPERATOR,25/02/2020,20:44:00,0,0,0,0,00,0
NSTD,KK13,L02-ER-68-2,MTAXMC18500512,OPERATOR,25/02/2020,20:45:00,0,0,0,0,00,0
NSTD,KK13,L02-ER-68-2,MTAXMC18500512,OPERATOR,25/02/2020,20:46:00,0,0,0,0,00,0
NSTD,KK13,L02-ER-68-2,MTAXMC18500512,OPERATOR,25/02/2020,20:47:00,0,0,0,0,00,0
NSTD,KK13,L02-ER-68-2,MTAXMC18500512,OPERATOR,25/02/2020,20:48:00,0,0,0,0,00,0
NSTD,KK13,L02-ER-68-2,MTAXMC18500512,OPERATOR,25/02/2020,20:49:00,0,0,0,0,00,0
NSTD,KK13,L02-ER-68-2,MTAXMC18500512,OPERATOR,25/02/2020,20:50:00,0,0,0,0,00,0
NSTD,KK13,L02-ER-68-2,MTAXMC18500512,OPERATOR,25/02/2020,20:51:00,0,0,0,0,00,0
NSTD,KK13,L02-ER-68-2,MTAXMC18500512,OPERATOR,25/02/2020,20:52:00,0,0,0,0,00,0
NSTD,KK13,L02-ER-68-2,MTAXMC18500512,OPERATOR,25/02/2020,20:53:00,0,0,0,0,00,0
NSTD,KK13,L02-ER-68-2,MTAXMC18500512,OPERATOR,25/02/2020,20:54:00,0,0,0,0,00,0
NSTD,KK13,L02-ER-68-2,MTAXMC18500512,OPERATOR,25/02/2020,20:55:00,0,0,0,0,00,0
NSTD,KK13,L02-ER-68-2,MTAXMC18500512,OPERATOR,25/02/2020,20:56:00,0,0,0,0,00,0
NSTD,KK13,L02-ER-68-2,MTAXMC18500512,OPERATOR,25/02/2020,20:57:00,0,0,0,0,00,0
NSTD,KK13,L02-ER-68-2,MTAXMC18500512,OPERATOR,25/02/2020,20:58:00,0,0,0,0,00,0
NSTD,KK13,L02-ER-68-2,MTAXMC18500512,OPERATOR,25/02/2020,20:59:00,0,0,0,0,00,0
NSTD,KK13,L02-ER-68-2,MTAXMC18500512,OPERATOR,25/02/2020,21:00:00,0,0,0,0,00,0
NSTD,KK13,L02-ER-68-2,MTAXMC18500512,OPERATOR,25/02/2020,21:01:00,0,0,0,0,00,0
NSTD,KK13,L02-ER-68-2,MTAXMC18500512,OPERATOR,25/02/2020,21:02:00,0,0,0,0,00,0
NSTD,KK13,L02-ER-68-2,MTAXMC18500512,OPERATOR,25/02/2020,21:03:00,0,0,0,0,00,0
NSTD,KK13,L02-ER-68-2,MTAXMC18500512,OPERATOR,25/02/2020,21:04:00,0,0,0,0,00,0
NSTD,KK13,L02-ER-68-2,MTAXMC18500512,OPERATOR,25/02/2020,21:05:00,0,0,0,0,00,0
NSTD,KK13,L02-ER-68-2,MTAXMC18500512,OPERATOR,25/02/2020,21:06:00,0,0,0,0,00,0
NSTD,KK13,L02-ER-68-2,MTAXMC18500512,OPERATOR,25/02/2020,21:07:00,0,0,0,0,00,0
NSTD,KK13,L02-ER-68-2,MTAXMC18500512,OPERATOR,25/02/2020,21:08:00,0,0,0,0,00,0
NSTD,KK13,L02-ER-68-2,MTAXMC18500512,OPERATOR,25/02/2020,21:09:00,0,0,0,0,00,0
NSTD,KK13,L02-ER-68-2,MTAXMC18500512,OPERATOR,25/02/2020,21:10:00,0,0,0,0,00,0
NSTD,KK13,L02-ER-68-2,MTAXMC18500512,OPERATOR,25/02/2020,21:11:00,0,0,0,0,00,0
NSTD,KK13,L02-ER-68-2,MTAXMC18500512,OPERATOR,25/02/2020,21:12:00,0,0,0,0,00,0
NSTD,KK13,L02-ER-68-2,MTAXMC18500512,OPERATOR,25/02/2020,21:13:00,0,0,0,0,00,0
NSTD,KK13,L02-ER-68-2,MTAXMC18500512,OPERATOR,25/02/2020,21:14:00,0,0,0,0,00,0
NSTD,KK13,L02-ER-68-2,MTAXMC18500512,OPERATOR,25/02/2020,21:15:00,0,0,0,0,00,0
NSTD,KK13,L02-ER-68-2,MTAXMC18500512,OPERATOR,25/02/2020,21:16:00,0,0,0,0,00,0
NSTD,KK13,L02-ER-68-2,MTAXMC18500512,OPERATOR,25/02/2020,21:17:00,0,0,0,0,00,0
NSTD,KK13,L02-ER-68-2,MTAXMC18500512,OPERATOR,25/02/2020,21:18:00,0,0,0,0,00,0
NSTD,KK13,L02-ER-68-2,MTAXMC18500512,OPERATOR,25/02/2020,21:19:00,0,0,0,0,00,0
NSTD,KK13,L02-ER-68-2,MTAXMC18500512,OPERATOR,25/02/2020,21:20:00,0,0,0,0,00,0
NSTD,KK13,L02-ER-68-2,MTAXMC18500512,OPERATOR,25/02/2020,21:21:00,0,0,0,0,00,0
NSTD,KK13,L02-ER-68-2,MTAXMC18500512,OPERATOR,25/02/2020,21:22:00,0,0,0,0,00,0
NSTD,KK13,L02-ER-68-2,MTAXMC18500512,OPERATOR,25/02/2020,21:23:00,0,0,0,0,00,0
NSTD,KK13,L02-ER-68-2,MTAXMC18500512,OPERATOR,25/02/2020,21:24:00,0,0,0,0,00,0
NSTD,KK13,L02-ER-68-2,MTAXMC18500512,OPERATOR,25/02/2020,21:25:00,0,0,0,0,00,0
NSTD,KK13,L02-ER-68-2,MTAXMC18500512,OPERATOR,25/02/2020,21:26:00,0,0,0,0,00,0
NSTD,KK13,L02-ER-68-2,MTAXMC18500512,OPERATOR,25/02/2020,21:27:00,0,0,0,0,00,0
NSTD,KK13,L02-ER-68-2,MTAXMC18500512,OPERATOR,25/02/2020,21:28:00,0,0,0,0,00,0
NSTD,KK13,L02-ER-68-2,MTAXMC18500512,OPERATOR,25/02/2020,21:29:00,0,0,0,0,00,0
NSTD,KK13,L02-ER-68-2,MTAXMC18500512,OPERATOR,25/02/2020,21:30:00,0,0,0,0,00,0
NSTD,KK13,L02-ER-68-2,MTAXMC18500512,OPERATOR,25/02/2020,21:31:00,0,0,0,0,00,0
NSTD,KK13,L02-ER-68-2,MTAXMC18500512,OPERATOR,25/02/2020,21:32:00,0,0,0,0,00,0
NSTD,KK13,L02-ER-68-2,MTAXMC18500512,OPERATOR,25/02/2020,21:33:00,0,0,0,0,00,0
NSTD,KK13,L02-ER-68-2,MTAXMC18500512,OPERATOR,25/02/2020,21:34:00,0,0,0,0,00,0
NSTD,KK13,L02-ER-68-2,MTAXMC18500512,OPERATOR,25/02/2020,21:35:00,0,0,0,0,00,0
NSTD,KK13,L02-ER-68-2,MTAXMC18500512,OPERATOR,25/02/2020,21:36:00,0,0,0,0,00,0
NSTD,KK13,L02-ER-68-2,MTAXMC18500512,OPERATOR,25/02/2020,21:37:00,0,0,0,0,00,0
NSTD,KK13,L02-ER-68-2,MTAXMC18500512,OPERATOR,25/02/2020,21:38:00,0,0,0,0,00,0
NSTD,KK13,L02-ER-68-2,MTAXMC18500512,OPERATOR,25/02/2020,21:39:00,0,0,0,0,00,0
NSTD,KK13,L02-ER-68-2,MTAXMC18500512,OPERATOR,25/02/2020,21:40:00,0,0,0,0,00,0
NSTD,KK13,L02-ER-68-2,MTAXMC18500512,OPERATOR,25/02/2020,21:41:00,0,0,0,0,00,0
NSTD,KK13,L02-ER-68-2,MTAXMC18500512,OPERATOR,25/02/2020,21:42:00,0,0,0,0,00,0
NSTD,KK13,L02-ER-68-2,MTAXMC18500512,OPERATOR,25/02/2020,21:43:00,0,0,0,0,00,0
NSTD,KK13,L02-ER-68-2,MTAXMC18500512,OPERATOR,25/02/2020,21:44:00,0,0,0,0,00,0
NSTD,KK13,L02-ER-68-2,MTAXMC18500512,OPERATOR,25/02/2020,21:45:00,0,0,0,0,00,0
NSTD,KK13,L02-ER-68-2,MTAXMC18500512,OPERATOR,25/02/2020,21:46:00,0,0,0,0,00,0
NSTD,KK13,L02-ER-68-2,MTAXMC18500512,OPERATOR,25/02/2020,21:47:00,0,0,0,0,00,0
NSTD,KK13,L02-ER-68-2,MTAXMC18500512,OPERATOR,25/02/2020,21:48:00,0,0,0,0,00,0
NSTD,KK13,L02-ER-68-2,MTAXMC18500512,OPERATOR,25/02/2020,21:49:00,0,0,0,0,00,0
NSTD,KK13,L02-ER-68-2,MTAXMC18500512,OPERATOR,25/02/2020,21:50:00,0,0,0,0,00,0
NSTD,KK13,L02-ER-68-2,MTAXMC18500512,OPERATOR,25/02/2020,21:51:00,0,0,0,0,00,0
NSTD,KK13,L02-ER-68-2,MTAXMC18500512,OPERATOR,25/02/2020,21:52:00,0,0,0,0,00,0
NSTD,KK13,L02-ER-68-2,MTAXMC18500512,OPERATOR,25/02/2020,21:53:00,0,0,0,0,00,0
NSTD,KK13,L02-ER-68-2,MTAXMC18500512,OPERATOR,25/02/2020,21:54:00,0,0,0,0,00,0
NSTD,KK13,L02-ER-68-2,MTAXMC18500512,OPERATOR,25/02/2020,21:55:00,0,0,0,0,00,0
NSTD,KK13,L02-ER-68-2,MTAXMC18500512,OPERATOR,25/02/2020,21:56:00,0,0,0,0,00,0
NSTD,KK13,L02-ER-68-2,MTAXMC18500512,OPERATOR,25/02/2020,21:57:00,0,0,0,0,00,0
NSTD,KK13,L02-ER-68-2,MTAXMC18500512,OPERATOR,25/02/2020,21:58:00,0,0,0,0,00,0
NSTD,KK13,L02-ER-68-2,MTAXMC18500512,OPERATOR,25/02/2020,21:59:00,0,0,0,0,00,0
NSTD,KK13,L02-ER-68-2,MTAXMC18500512,OPERATOR,25/02/2020,22:00:00,0,0,0,0,00,0
NSTD,KK13,L02-ER-68-2,MTAXMC18500512,OPERATOR,25/02/2020,22:01:00,0,0,0,0,00,0
NSTD,KK13,L02-ER-68-2,MTAXMC18500512,OPERATOR,25/02/2020,22:02:00,0,0,0,0,00,0
NSTD,KK13,L02-ER-68-2,MTAXMC18500512,OPERATOR,25/02/2020,22:03:00,0,0,0,0,00,0
NSTD,KK13,L02-ER-68-2,MTAXMC18500512,OPERATOR,25/02/2020,22:04:00,0,0,0,0,00,0
NSTD,KK13,L02-ER-68-2,MTAXMC18500512,OPERATOR,25/02/2020,22:05:00,0,0,0,0,00,0
NSTD,KK13,L02-ER-68-2,MTAXMC18500512,OPERATOR,25/02/2020,22:06:00,0,0,0,0,00,0
NSTD,KK13,L02-ER-68-2,MTAXMC18500512,OPERATOR,25/02/2020,22:07:00,0,0,0,0,00,0
NSTD,KK13,L02-ER-68-2,MTAXMC18500512,OPERATOR,25/02/2020,22:08:00,0,0,0,0,00,0
NSTD,KK13,L02-ER-68-2,MTAXMC18500512,OPERATOR,25/02/2020,22:09:00,0,0,0,0,00,0
NSTD,KK13,L02-ER-68-2,MTAXMC18500512,OPERATOR,25/02/2020,22:10:00,0,0,0,0,00,0
NSTD,KK13,L02-ER-68-2,MTAXMC18500512,OPERATOR,25/02/2020,22:11:00,0,0,0,0,00,0
NSTD,KK13,L02-ER-68-2,MTAXMC18500512,OPERATOR,25/02/2020,22:12:00,0,0,0,0,00,0
NSTD,KK13,L02-ER-68-2,MTAXMC18500512,OPERATOR,25/02/2020,22:13:00,0,0,0,0,00,0
NSTD,KK13,L02-ER-68-2,MTAXMC18500512,OPERATOR,25/02/2020,22:14:00,0,0,0,0,00,0
NSTD,KK13,L02-ER-68-2,MTAXMC18500512,OPERATOR,25/02/2020,22:15:00,0,0,0,0,00,0
NSTD,KK13,L02-ER-68-2,MTAXMC18500512,OPERATOR,25/02/2020,22:16:00,0,0,0,0,00,0
NSTD,KK13,L02-ER-68-2,MTAXMC18500512,OPERATOR,25/02/2020,22:17:00,0,0,0,0,00,0
NSTD,KK13,L02-ER-68-2,MTAXMC18500512,OPERATOR,25/02/2020,22:18:00,0,0,0,0,00,0
NSTD,KK13,L02-ER-68-2,MTAXMC18500512,OPERATOR,25/02/2020,22:19:00,0,0,0,0,00,0
NSTD,KK13,L02-ER-68-2,MTAXMC18500512,OPERATOR,25/02/2020,22:20:00,0,0,0,0,00,0
NSTD,KK13,L02-ER-68-2,MTAXMC18500512,OPERATOR,25/02/2020,22:21:00,0,0,0,0,00,0
NSTD,KK13,L02-ER-68-2,MTAXMC18500512,OPERATOR,25/02/2020,22:22:00,0,0,0,0,00,0
NSTD,KK13,L02-ER-68-2,MTAXMC18500512,OPERATOR,25/02/2020,22:23:00,0,0,0,0,00,0
NSTD,KK13,L02-ER-68-2,MTAXMC18500512,OPERATOR,25/02/2020,22:24:00,0,0,0,0,00,0
NSTD,KK13,L02-ER-68-2,MTAXMC18500512,OPERATOR,25/02/2020,22:25:00,0,0,0,0,00,0
NSTD,KK13,L02-ER-68-2,MTAXMC18500512,OPERATOR,25/02/2020,22:26:00,0,0,0,0,00,0
NSTD,KK13,L02-ER-68-2,MTAXMC18500512,OPERATOR,25/02/2020,22:27:00,0,0,0,0,00,0
NSTD,KK13,L02-ER-68-2,MTAXMC18500512,OPERATOR,25/02/2020,22:28:00,0,0,0,0,00,0
NSTD,KK13,L02-ER-68-2,MTAXMC18500512,OPERATOR,25/02/2020,22:29:00,0,0,0,0,00,0
NSTD,KK13,L02-ER-68-2,MTAXMC18500512,OPERATOR,25/02/2020,22:30:00,0,0,0,0,00,0
NSTD,KK13,L02-ER-68-2,MTAXMC18500512,OPERATOR,25/02/2020,22:31:00,0,0,0,0,00,0
NSTD,KK13,L02-ER-68-2,MTAXMC18500512,OPERATOR,25/02/2020,22:32:00,0,0,0,0,00,0
NSTD,KK13,L02-ER-68-2,MTAXMC18500512,OPERATOR,25/02/2020,22:33:00,0,0,0,0,00,0
NSTD,KK13,L02-ER-68-2,MTAXMC18500512,OPERATOR,25/02/2020,22:34:00,0,0,0,0,00,0
NSTD,KK13,L02-ER-68-2,MTAXMC18500512,OPERATOR,25/02/2020,22:35:00,0,0,0,0,00,0
NSTD,KK13,L02-ER-68-2,MTAXMC18500512,OPERATOR,25/02/2020,22:36:00,0,0,0,0,00,0
NSTD,KK13,L02-ER-68-2,MTAXMC18500512,OPERATOR,25/02/2020,22:37:00,0,0,0,0,00,0
NSTD,KK13,L02-ER-68-2,MTAXMC18500512,OPERATOR,25/02/2020,22:38:00,0,0,0,0,00,0
NSTD,KK13,L02-ER-68-2,MTAXMC18500512,OPERATOR,25/02/2020,22:39:00,0,0,0,0,00,0
NSTD,KK13,L02-ER-68-2,MTAXMC18500512,OPERATOR,25/02/2020,22:40:00,0,0,0,0,00,0
NSTD,KK13,L02-ER-68-2,MTAXMC18500512,OPERATOR,25/02/2020,22:41:00,0,0,0,0,00,0
NSTD,KK13,L02-ER-68-2,MTAXMC18500512,OPERATOR,25/02/2020,22:42:00,0,0,0,0,00,0
NSTD,KK13,L02-ER-68-2,MTAXMC18500512,OPERATOR,25/02/2020,22:43:00,0,0,0,0,00,0
NSTD,KK13,L02-ER-68-2,MTAXMC18500512,OPERATOR,25/02/2020,22:44:00,0,0,0,0,00,0
NSTD,KK13,L02-ER-68-2,MTAXMC18500512,OPERATOR,25/02/2020,22:45:00,0,0,0,0,00,0
NSTD,KK13,L02-ER-68-2,MTAXMC18500512,OPERATOR,25/02/2020,22:46:00,0,0,0,0,00,0
NSTD,KK13,L02-ER-68-2,MTAXMC18500512,OPERATOR,25/02/2020,22:47:00,0,0,0,0,00,0
NSTD,KK13,L02-ER-68-2,MTAXMC18500512,OPERATOR,25/02/2020,22:48:00,0,0,0,0,00,0
NSTD,KK13,L02-ER-68-2,MTAXMC18500512,OPERATOR,25/02/2020,22:49:00,0,0,0,0,00,0
NSTD,KK13,L02-ER-68-2,MTAXMC18500512,OPERATOR,25/02/2020,22:50:00,0,0,0,0,00,0
NSTD,KK13,L02-ER-68-2,MTAXMC18500512,OPERATOR,25/02/2020,22:51:00,0,0,0,0,00,0
NSTD,KK13,L02-ER-68-2,MTAXMC18500512,OPERATOR,25/02/2020,22:52:00,0,0,0,0,00,0
NSTD,KK13,L02-ER-68-2,MTAXMC18500512,OPERATOR,25/02/2020,22:53:00,0,0,0,0,00,0
NSTD,KK13,L02-ER-68-2,MTAXMC18500512,OPERATOR,25/02/2020,22:54:00,0,0,0,0,00,0
NSTD,KK13,L02-ER-68-2,MTAXMC18500512,OPERATOR,25/02/2020,22:55:00,0,0,0,0,00,0
NSTD,KK13,L02-ER-68-2,MTAXMC18500512,OPERATOR,25/02/2020,22:56:00,0,0,0,0,00,0
NSTD,KK13,L02-ER-68-2,MTAXMC18500512,OPERATOR,25/02/2020,22:57:00,0,0,0,0,00,0
NSTD,KK13,L02-ER-68-2,MTAXMC18500512,OPERATOR,25/02/2020,22:58:00,0,0,0,0,00,0
NSTD,KK13,L02-ER-68-2,MTAXMC18500512,OPERATOR,25/02/2020,22:59:00,0,0,0,0,00,0
NSTD,KK13,L02-ER-68-2,MTAXMC18500512,OPERATOR,25/02/2020,23:00:00,0,0,0,0,00,0
NSTD,KK13,L02-ER-68-2,MTAXMC18500512,OPERATOR,25/02/2020,23:01:00,0,0,0,0,00,0
NSTD,KK13,L02-ER-68-2,MTAXMC18500512,OPERATOR,25/02/2020,23:02:00,0,0,0,0,00,0
NSTD,KK13,L02-ER-68-2,MTAXMC18500512,OPERATOR,25/02/2020,23:03:00,0,0,0,0,00,0
NSTD,KK13,L02-ER-68-2,MTAXMC18500512,OPERATOR,25/02/2020,23:04:00,0,0,0,0,00,0
NSTD,KK13,L02-ER-68-2,MTAXMC18500512,OPERATOR,25/02/2020,23:05:00,0,0,0,0,00,0
NSTD,KK13,L02-ER-68-2,MTAXMC18500512,OPERATOR,25/02/2020,23:06:00,0,0,0,0,00,0
NSTD,KK13,L02-ER-68-2,MTAXMC18500512,OPERATOR,25/02/2020,23:07:00,0,0,0,0,00,0
NSTD,KK13,L02-ER-68-2,MTAXMC18500512,OPERATOR,25/02/2020,23:08:00,0,0,0,0,00,0
NSTD,KK13,L02-ER-68-2,MTAXMC18500512,OPERATOR,25/02/2020,23:09:00,0,0,0,0,00,0
NSTD,KK13,L02-ER-68-2,MTAXMC18500512,OPERATOR,25/02/2020,23:10:00,0,0,0,0,00,0
NSTD,KK13,L02-ER-68-2,MTAXMC18500512,OPERATOR,25/02/2020,23:11:00,0,0,0,0,00,0
NSTD,KK13,L02-ER-68-2,MTAXMC18500512,OPERATOR,25/02/2020,23:12:00,0,0,0,0,00,0
NSTD,KK13,L02-ER-68-2,MTAXMC18500512,OPERATOR,25/02/2020,23:13:00,0,0,0,0,00,0
NSTD,KK13,L02-ER-68-2,MTAXMC18500512,OPERATOR,25/02/2020,23:14:00,0,0,0,0,00,0
NSTD,KK13,L02-ER-68-2,MTAXMC18500512,OPERATOR,25/02/2020,23:15:00,0,0,0,0,00,0
NSTD,KK13,L02-ER-68-2,MTAXMC18500512,OPERATOR,25/02/2020,23:16:00,0,0,0,0,00,0
NSTD,KK13,L02-ER-68-2,MTAXMC18500512,OPERATOR,25/02/2020,23:17:00,0,0,0,0,00,0
NSTD,KK13,L02-ER-68-2,MTAXMC18500512,OPERATOR,25/02/2020,23:18:00,0,0,0,0,00,0
NSTD,KK13,L02-ER-68-2,MTAXMC18500512,OPERATOR,25/02/2020,23:19:00,0,0,0,0,00,0
NSTD,KK13,L02-ER-68-2,MTAXMC18500512,OPERATOR,25/02/2020,23:20:00,0,0,0,0,00,0
NSTD,KK13,L02-ER-68-2,MTAXMC18500512,OPERATOR,25/02/2020,23:21:00,0,0,0,0,00,0
NSTD,KK13,L02-ER-68-2,MTAXMC18500512,OPERATOR,25/02/2020,23:22:00,0,0,0,0,00,0
NSTD,KK13,L02-ER-68-2,MTAXMC18500512,OPERATOR,25/02/2020,23:23:00,0,0,0,0,00,0
NSTD,KK13,L02-ER-68-2,MTAXMC18500512,OPERATOR,25/02/2020,23:24:00,0,0,0,0,00,0
NSTD,KK13,L02-ER-68-2,MTAXMC18500512,OPERATOR,25/02/2020,23:25:00,0,0,0,0,00,0
NSTD,KK13,L02-ER-68-2,MTAXMC18500512,OPERATOR,25/02/2020,23:26:00,0,0,0,0,00,0
NSTD,KK13,L02-ER-68-2,MTAXMC18500512,OPERATOR,25/02/2020,23:27:00,0,0,0,0,00,0
NSTD,KK13,L02-ER-68-2,MTAXMC18500512,OPERATOR,25/02/2020,23:28:00,0,0,0,0,00,0
NSTD,KK13,L02-ER-68-2,MTAXMC18500512,OPERATOR,25/02/2020,23:29:00,0,0,0,0,00,0
NSTD,KK13,L02-ER-68-2,MTAXMC18500512,OPERATOR,25/02/2020,23:30:00,0,0,0,0,00,0
NSTD,KK13,L02-ER-68-2,MTAXMC18500512,OPERATOR,25/02/2020,23:31:00,0,0,0,0,00,0
NSTD,KK13,L02-ER-68-2,MTAXMC18500512,OPERATOR,25/02/2020,23:32:00,0,0,0,0,00,0
NSTD,KK13,L02-ER-68-2,MTAXMC18500512,OPERATOR,25/02/2020,23:33:00,0,0,0,0,00,0
NSTD,KK13,L02-ER-68-2,MTAXMC18500512,OPERATOR,25/02/2020,23:34:00,0,0,0,0,00,0
NSTD,KK13,L02-ER-68-2,MTAXMC18500512,OPERATOR,25/02/2020,23:35:00,0,0,0,0,00,0
NSTD,KK13,L02-ER-68-2,MTAXMC18500512,OPERATOR,25/02/2020,23:36:00,0,0,0,0,00,0
NSTD,KK13,L02-ER-68-2,MTAXMC18500512,OPERATOR,25/02/2020,23:37:00,0,0,0,0,00,0
NSTD,KK13,L02-ER-68-2,MTAXMC18500512,OPERATOR,25/02/2020,23:38:00,0,0,0,0,00,0
NSTD,KK13,L02-ER-68-2,MTAXMC18500512,OPERATOR,25/02/2020,23:39:00,0,0,0,0,00,0
NSTD,KK13,L02-ER-68-2,MTAXMC18500512,OPERATOR,25/02/2020,23:40:00,0,0,0,0,00,0
NSTD,KK13,L02-ER-68-2,MTAXMC18500512,OPERATOR,25/02/2020,23:41:00,0,0,0,0,00,0
NSTD,KK13,L02-ER-68-2,MTAXMC18500512,OPERATOR,25/02/2020,23:42:00,0,0,0,0,00,0
NSTD,KK13,L02-ER-68-2,MTAXMC18500512,OPERATOR,25/02/2020,23:43:00,0,0,0,0,00,0
NSTD,KK13,L02-ER-68-2,MTAXMC18500512,OPERATOR,25/02/2020,23:44:00,0,0,0,0,00,0
NSTD,KK13,L02-ER-68-2,MTAXMC18500512,OPERATOR,25/02/2020,23:45:00,0,0,0,0,00,0
NSTD,KK13,L02-ER-68-2,MTAXMC18500512,OPERATOR,25/02/2020,23:46:00,0,0,0,0,00,0
NSTD,KK13,L02-ER-68-2,MTAXMC18500512,OPERATOR,25/02/2020,23:47:00,0,0,0,0,00,0
NSTD,KK13,L02-ER-68-2,MTAXMC18500512,OPERATOR,25/02/2020,23:48:00,0,0,0,0,00,0
NSTD,KK13,L02-ER-68-2,MTAXMC18500512,OPERATOR,25/02/2020,23:49:00,0,0,0,0,00,0
NSTD,KK13,L02-ER-68-2,MTAXMC18500512,OPERATOR,25/02/2020,23:50:00,0,0,0,0,00,0
NSTD,KK13,L02-ER-68-2,MTAXMC18500512,OPERATOR,25/02/2020,23:51:00,0,0,0,0,00,0
NSTD,KK13,L02-ER-68-2,MTAXMC18500512,OPERATOR,25/02/2020,23:52:00,0,0,0,0,00,0
NSTD,KK13,L02-ER-68-2,MTAXMC18500512,OPERATOR,25/02/2020,23:53:00,0,0,0,0,00,0
NSTD,KK13,L02-ER-68-2,MTAXMC18500512,OPERATOR,25/02/2020,23:54:00,0,0,0,0,00,0
NSTD,KK13,L02-ER-68-2,MTAXMC18500512,OPERATOR,25/02/2020,23:55:00,0,0,0,0,00,0
NSTD,KK13,L02-ER-68-2,MTAXMC18500512,OPERATOR,25/02/2020,23:56:00,0,0,0,0,00,0
NSTD,KK13,L02-ER-68-2,MTAXMC18500512,OPERATOR,25/02/2020,23:57:00,0,0,0,0,00,0
NSTD,KK13,L02-ER-68-2,MTAXMC18500512,OPERATOR,25/02/2020,23:58:00,0,0,0,0,00,0
NSTD,KK13,L02-ER-68-2,MTAXMC18500512,OPERATOR,25/02/2020,23:59:00,0,0,0,0,00,0
